Offspring,Parent 1,Parent 2,SILLY.off,Fish ID.off,DNA Tray Code.off,DNA Tray Well Code.off,Sample Year.off,Sample Date.off,SEX.off,Length Mm.off,Otolith Mark Present.off,Otolith Mark ID.off,origin.off,SILLY.par1,Fish ID.par1,DNA Tray Code.par1,DNA Tray Well Code.par1,Sample Year.par1,Sample Date.par1,SEX.par1,Length Mm.par1,Otolith Mark Present.par1,Otolith Mark ID.par1,origin.par1,SILLY,Fish ID,DNA Tray Code,DNA Tray Well Code,Sample Year,Sample Date,SEX,Length Mm,Otolith Mark Present,Otolith Mark ID,origin,cross
PS16_00038,PS14_00948,PS14_00165,PSTOCK16,38,15818,38,2016,2016-09-06T00:00:00Z,F,443,NO,NA,Natural,PSTOCK14,948,1400000872,6,2014,2014-09-05T00:00:00Z,M,445,YES,AFK12B,Hatchery,PSTOCK14,165,1400000869,12,2014,2014-09-05T00:00:00Z,F,440,NO,NA,Natural,NH
PS16_00039,PS14_01193,PS14_00763,PSTOCK16,39,15818,39,2016,2016-09-06T00:00:00Z,M,418,NO,NA,Natural,PSTOCK14,1193,1400000867,15,2014,2014-09-05T00:00:00Z,F,440,NO,NA,Natural,PSTOCK14,763,1400000828,4,2014,2014-08-30T00:00:00Z,M,435,YES,AFK12B,Hatchery,NH
PS16_00254,PS14_01071,PS14_00791,PSTOCK16,254,15815,14,2016,2016-09-06T00:00:00Z,F,421,NO,NA,Natural,PSTOCK14,1071,1400002654,34,2014,2014-08-24T00:00:00Z,M,417,NO,NA,Natural,PSTOCK14,791,1400000828,32,2014,2014-08-30T00:00:00Z,F,450,NO,NA,Natural,NN
PS16_00437,PS14_01275,PS14_00280,PSTOCK16,437,15856,21,2016,2016-09-08T00:00:00Z,F,443,NO,NA,Natural,PSTOCK14,1275,1400000826,1,2014,2014-08-30T00:00:00Z,M,430,NO,NA,Natural,PSTOCK14,280,1400000853,31,2014,2014-09-02T00:00:00Z,F,445,YES,AFK12B,Hatchery,HN
PS16_00681,PS14_01065,PS14_01056,PSTOCK16,681,14511,42,2016,2016-08-19T00:00:00Z,F,456,NO,NA,Natural,PSTOCK14,1065,1400002654,28,2014,2014-08-24T00:00:00Z,F,403,NO,NA,Natural,PSTOCK14,1056,1400002654,19,2014,2014-08-24T00:00:00Z,M,406,NO,NA,Natural,NN
PS16_00720,PS14_00527,PS14_00072,PSTOCK16,720,14510,33,2016,2016-08-19T00:00:00Z,M,450,NO,NA,Natural,PSTOCK14,527,1400000848,8,2014,2014-09-02T00:00:00Z,F,430,YES,AFK12B,Hatchery,PSTOCK14,72,1400000824,24,2014,2014-08-30T00:00:00Z,M,425,NO,NA,Natural,HN
PS16_00732,PS14_01326,PS14_00367,PSTOCK16,732,14510,45,2016,2016-08-19T00:00:00Z,M,482,NO,NA,Natural,PSTOCK14,1326,1400000718,4,2014,2014-08-19T00:00:00Z,M,435,NO,NA,Natural,PSTOCK14,367,1400000735,40,2014,2014-08-27T00:00:00Z,F,405,NO,NA,Natural,NN
PS16_00749,PS14_01516,PS14_01339,PSTOCK16,749,14506,14,2016,2016-08-19T00:00:00Z,F,467,NO,NA,Natural,PSTOCK14,1516,1400000827,13,2014,2014-08-30T00:00:00Z,F,405,NO,NA,Natural,PSTOCK14,1339,1400000718,17,2014,2014-08-19T00:00:00Z,M,435,NO,NA,Natural,NN
PS16_00762,PS14_01323,PS14_01064,PSTOCK16,762,14506,27,2016,2016-08-19T00:00:00Z,F,430,NO,NA,Natural,PSTOCK14,1323,1400000718,1,2014,2014-08-19T00:00:00Z,M,470,NO,NA,Natural,PSTOCK14,1064,1400002654,27,2014,2014-08-24T00:00:00Z,F,407,NO,NA,Natural,NN
PS16_00809,PS14_00320,PS14_00311,PSTOCK16,809,15812,26,2016,2016-09-06T00:00:00Z,M,418,NO,NA,Natural,PSTOCK14,320,1400000723,38,2014,2014-08-21T00:00:00Z,F,425,NO,NA,Natural,PSTOCK14,311,1400000723,29,2014,2014-08-21T00:00:00Z,M,395,YES,AFK12B,Hatchery,NH
PS16_00810,PS14_01087,PS14_00537,PSTOCK16,810,15812,27,2016,2016-09-06T00:00:00Z,M,397,NO,NA,Natural,PSTOCK14,1087,1400000732,5,2014,2014-08-26T00:00:00Z,M,410,NO,NA,Natural,PSTOCK14,537,1400000848,18,2014,2014-09-02T00:00:00Z,F,450,YES,AFK12B,Hatchery,HN
PS16_00878,PS14_00798,PS14_00163,PSTOCK16,878,15790,47,2016,2016-09-04T00:00:00Z,F,430,NO,NA,Natural,PSTOCK14,798,1400000828,39,2014,2014-08-30T00:00:00Z,M,470,NO,NA,Natural,PSTOCK14,163,1400000869,10,2014,2014-09-05T00:00:00Z,F,450,NO,NA,Natural,NN
PS16_00890,PS14_01240,PS14_01168,PSTOCK16,890,14478,11,2016,2016-08-11T00:00:00Z,M,NA,NO,NA,Natural,PSTOCK14,1240,1400000825,14,2014,2014-08-30T00:00:00Z,F,400,NO,NA,Natural,PSTOCK14,1168,1400000733,38,2014,2014-08-26T00:00:00Z,M,430,NO,NA,Natural,NN
PS16_00932,PS14_01403,PS14_00081,PSTOCK16,932,14470,5,2016,2016-08-06T00:00:00Z,F,447,NO,NA,Natural,PSTOCK14,1403,1400000736,9,2014,2014-08-27T00:00:00Z,M,410,YES,AFK12B,Hatchery,PSTOCK14,81,1400000824,33,2014,2014-08-30T00:00:00Z,F,455,NO,NA,Natural,NH
PS16_00972,PS14_00458,PS14_00068,PSTOCK16,972,15808,14,2016,2016-09-06T00:00:00Z,F,419,NO,NA,Natural,PSTOCK14,458,1400000871,35,2014,2014-09-05T00:00:00Z,F,445,NO,NA,Natural,PSTOCK14,68,1400000824,20,2014,2014-08-30T00:00:00Z,M,370,NO,NA,Natural,NN
PS16_01038,PS14_01277,PS14_01171,PSTOCK16,1038,15892,32,2016,2016-09-11T00:00:00Z,M,465,NO,NA,Natural,PSTOCK14,1277,1400000826,3,2014,2014-08-30T00:00:00Z,F,440,NO,NA,Natural,PSTOCK14,1171,1400000733,41,2014,2014-08-26T00:00:00Z,M,460,NO,NA,Natural,NN
PS16_01088,PS14_00433,PS14_00001,PSTOCK16,1088,14555,45,2016,2016-08-23T00:00:00Z,F,422,NO,NA,Natural,PSTOCK14,433,1400000871,10,2014,2014-09-05T00:00:00Z,F,NA,YES,CCH12,Hatchery,PSTOCK14,1,1400000829,1,2014,2014-08-30T00:00:00Z,M,460,YES,AFK12B,Hatchery,HH
PS16_01124,PS14_01153,PS14_00318,PSTOCK16,1124,14552,33,2016,2016-08-23T00:00:00Z,M,430,NO,NA,Natural,PSTOCK14,1153,1400000733,23,2014,2014-08-26T00:00:00Z,M,425,NO,NA,Natural,PSTOCK14,318,1400000723,36,2014,2014-08-21T00:00:00Z,F,425,NO,NA,Natural,NN
PS16_01142,PS14_00375,PS14_00208,PSTOCK16,1142,14551,3,2016,2016-08-23T00:00:00Z,M,481,NO,NA,Natural,PSTOCK14,375,1400000735,48,2014,2014-08-27T00:00:00Z,M,390,NO,NA,Natural,PSTOCK14,208,1400000870,7,2014,2014-09-05T00:00:00Z,F,455,YES,AFK12B,Hatchery,HN
PS16_01143,PS14_01412,PS14_00367,PSTOCK16,1143,14551,4,2016,2016-08-23T00:00:00Z,F,438,NO,NA,Natural,PSTOCK14,1412,1400000736,18,2014,2014-08-27T00:00:00Z,M,405,NO,NA,Natural,PSTOCK14,367,1400000735,40,2014,2014-08-27T00:00:00Z,F,405,NO,NA,Natural,NN
PS16_01149,PS14_01333,PS14_01163,PSTOCK16,1149,14551,10,2016,2016-08-23T00:00:00Z,M,404,NO,NA,Natural,PSTOCK14,1333,1400000718,11,2014,2014-08-19T00:00:00Z,M,415,NO,NA,Natural,PSTOCK14,1163,1400000733,33,2014,2014-08-26T00:00:00Z,F,375,NO,NA,Natural,NN
PS16_01178,PS14_01175,PS14_00070,PSTOCK16,1178,14551,39,2016,2016-08-23T00:00:00Z,F,NA,NO,NA,Natural,PSTOCK14,1175,1400000733,45,2014,2014-08-26T00:00:00Z,M,420,YES,AFK12B,Hatchery,PSTOCK14,70,1400000824,22,2014,2014-08-30T00:00:00Z,F,415,NO,NA,Natural,NH
PS16_01193,PS14_01339,PS14_01063,PSTOCK16,1193,14550,6,2016,2016-08-23T00:00:00Z,M,442,NO,NA,Natural,PSTOCK14,1339,1400000718,17,2014,2014-08-19T00:00:00Z,M,435,NO,NA,Natural,PSTOCK14,1063,1400002654,26,2014,2014-08-24T00:00:00Z,F,244,NO,NA,Natural,NN
PS16_01224,PS14_01332,PS14_00364,PSTOCK16,1224,14550,37,2016,2016-08-23T00:00:00Z,F,434,NO,NA,Natural,PSTOCK14,1332,1400000718,10,2014,2014-08-19T00:00:00Z,M,460,NO,NA,Natural,PSTOCK14,364,1400000735,37,2014,2014-08-27T00:00:00Z,F,425,NO,NA,Natural,NN
PS16_01232,PS14_01158,PS14_00208,PSTOCK16,1232,14550,45,2016,2016-08-23T00:00:00Z,F,412,NO,NA,Natural,PSTOCK14,1158,1400000733,28,2014,2014-08-26T00:00:00Z,M,415,YES,AFK12B,Hatchery,PSTOCK14,208,1400000870,7,2014,2014-09-05T00:00:00Z,F,455,YES,AFK12B,Hatchery,HH
PS16_01233,PS14_01339,PS14_01063,PSTOCK16,1233,14550,46,2016,2016-08-23T00:00:00Z,M,408,NO,NA,Natural,PSTOCK14,1339,1400000718,17,2014,2014-08-19T00:00:00Z,M,435,NO,NA,Natural,PSTOCK14,1063,1400002654,26,2014,2014-08-24T00:00:00Z,F,244,NO,NA,Natural,NN
PS16_01295,PS14_01536,PS14_01168,PSTOCK16,1295,14623,12,2016,2016-08-31T00:00:00Z,F,432,NO,NA,Natural,PSTOCK14,1536,1400000827,33,2014,2014-08-30T00:00:00Z,F,410,NO,NA,Natural,PSTOCK14,1168,1400000733,38,2014,2014-08-26T00:00:00Z,M,430,NO,NA,Natural,NN
PS16_01304,PS14_01263,PS14_01066,PSTOCK16,1304,14623,21,2016,2016-08-31T00:00:00Z,F,425,NO,NA,Natural,PSTOCK14,1263,1400000825,37,2014,2014-08-30T00:00:00Z,F,435,YES,AFK12B,Hatchery,PSTOCK14,1066,1400002654,29,2014,2014-08-24T00:00:00Z,M,400,NO,NA,Natural,HN
PS16_01321,PS14_00260,PS14_00234,PSTOCK16,1321,14623,38,2016,2016-08-31T00:00:00Z,M,458,NO,NA,Natural,PSTOCK14,260,1400000853,11,2014,2014-09-02T00:00:00Z,M,425,NO,NA,Natural,PSTOCK14,234,1400000870,33,2014,2014-09-05T00:00:00Z,F,NA,NO,NA,Natural,NN
PS16_01327,PS14_01300,PS14_00946,PSTOCK16,1327,14623,44,2016,2016-08-31T00:00:00Z,M,425,NO,NA,Natural,PSTOCK14,1300,1400000826,26,2014,2014-08-30T00:00:00Z,M,430,NO,NA,Natural,PSTOCK14,946,1400000872,4,2014,2014-09-05T00:00:00Z,F,430,NO,NA,Natural,NN
PS16_01586,PS14_01076,PS14_00005,PSTOCK16,1586,15879,26,2016,2016-09-10T00:00:00Z,F,410,NO,NA,Natural,PSTOCK14,1076,1400002654,39,2014,2014-08-24T00:00:00Z,M,347,NO,NA,Natural,PSTOCK14,5,1400000829,5,2014,2014-08-30T00:00:00Z,F,420,NO,NA,Natural,NN
PS16_01619,PS14_01322,PS14_01047,PSTOCK16,1619,14611,11,2016,2016-08-31T00:00:00Z,M,446,NO,NA,Natural,PSTOCK14,1322,1400000826,48,2014,2014-08-30T00:00:00Z,F,405,NO,NA,Natural,PSTOCK14,1047,1400002654,10,2014,2014-08-24T00:00:00Z,M,417,NO,NA,Natural,NN
PS16_01675,PS14_01332,PS14_00367,PSTOCK16,1675,14612,19,2016,2016-08-31T00:00:00Z,F,NA,NO,NA,Natural,PSTOCK14,1332,1400000718,10,2014,2014-08-19T00:00:00Z,M,460,NO,NA,Natural,PSTOCK14,367,1400000735,40,2014,2014-08-27T00:00:00Z,F,405,NO,NA,Natural,NN
PS16_01725,PS14_01326,PS14_00367,PSTOCK16,1725,14686,21,2016,2016-08-26T00:00:00Z,F,459,NO,NA,Natural,PSTOCK14,1326,1400000718,4,2014,2014-08-19T00:00:00Z,M,435,NO,NA,Natural,PSTOCK14,367,1400000735,40,2014,2014-08-27T00:00:00Z,F,405,NO,NA,Natural,NN
PS16_01799,PS14_01057,PS14_00092,PSTOCK16,1799,14615,47,2016,2016-08-31T00:00:00Z,F,434,NO,NA,Natural,PSTOCK14,1057,1400002654,20,2014,2014-08-24T00:00:00Z,M,431,NO,NA,Natural,PSTOCK14,92,1400000824,44,2014,2014-08-30T00:00:00Z,F,420,NO,NA,Natural,NN
PS16_01923,PS14_00745,PS14_00122,PSTOCK16,1923,15787,27,2016,2016-09-04T00:00:00Z,M,444,NO,NA,Natural,PSTOCK14,745,1400000852,34,2014,2014-09-02T00:00:00Z,M,450,YES,AFK12B,Hatchery,PSTOCK14,122,1400000868,17,2014,2014-09-05T00:00:00Z,F,415,YES,AFK12B,Hatchery,HH
PS16_01960,PS14_01538,PS14_00329,PSTOCK16,1960,15786,16,2016,2016-09-04T00:00:00Z,M,447,NO,NA,Natural,PSTOCK14,1538,1400000827,35,2014,2014-08-30T00:00:00Z,F,425,NO,NA,Natural,PSTOCK14,329,1400000735,2,2014,2014-08-27T00:00:00Z,M,360,YES,AFK12B,Hatchery,NH
PS16_02014,PS14_00353,PS14_00074,PSTOCK16,2014,15785,22,2016,2016-09-04T00:00:00Z,F,468,NO,NA,Natural,PSTOCK14,353,1400000735,26,2014,2014-08-27T00:00:00Z,M,460,NO,NA,Natural,PSTOCK14,74,1400000824,26,2014,2014-08-30T00:00:00Z,F,415,NO,NA,Natural,NN
PS16_02017,PS14_00669,PS14_00653,PSTOCK16,2017,15785,25,2016,2016-09-04T00:00:00Z,F,412,NO,NA,Natural,PSTOCK14,669,1400000851,6,2014,2014-09-02T00:00:00Z,M,460,YES,AFK12B,Hatchery,PSTOCK14,653,1400000850,38,2014,2014-09-02T00:00:00Z,F,445,YES,AFK12B,Hatchery,HH
PS16_02018,PS14_00523,PS14_00072,PSTOCK16,2018,15785,26,2016,2016-09-04T00:00:00Z,F,436,NO,NA,Natural,PSTOCK14,523,1400000848,4,2014,2014-09-02T00:00:00Z,F,410,NO,NA,Natural,PSTOCK14,72,1400000824,24,2014,2014-08-30T00:00:00Z,M,425,NO,NA,Natural,NN
PS16_02339,PS14_01536,PS14_01168,PSTOCK16,2339,14589,41,2016,2016-08-29T00:00:00Z,F,437,NO,NA,Natural,PSTOCK14,1536,1400000827,33,2014,2014-08-30T00:00:00Z,F,410,NO,NA,Natural,PSTOCK14,1168,1400000733,38,2014,2014-08-26T00:00:00Z,M,430,NO,NA,Natural,NN
PS16_02421,PS14_01535,PS14_01339,PSTOCK16,2421,14587,27,2016,2016-08-29T00:00:00Z,F,422,NO,NA,Natural,PSTOCK14,1535,1400000827,32,2014,2014-08-30T00:00:00Z,F,405,NO,NA,Natural,PSTOCK14,1339,1400000718,17,2014,2014-08-19T00:00:00Z,M,435,NO,NA,Natural,NN
PS16_02423,PS14_01324,PS14_00320,PSTOCK16,2423,14587,29,2016,2016-08-29T00:00:00Z,M,463,NO,NA,Natural,PSTOCK14,1324,1400000718,2,2014,2014-08-19T00:00:00Z,M,NA,NO,NA,Natural,PSTOCK14,320,1400000723,38,2014,2014-08-21T00:00:00Z,F,425,NO,NA,Natural,NN
PS16_02441,PS14_00375,PS14_00230,PSTOCK16,2441,14587,47,2016,2016-08-29T00:00:00Z,M,478,NO,NA,Natural,PSTOCK14,375,1400000735,48,2014,2014-08-27T00:00:00Z,M,390,NO,NA,Natural,PSTOCK14,230,1400000870,29,2014,2014-09-05T00:00:00Z,F,445,NO,NA,Natural,NN
PS16_02575,PS14_01332,PS14_00364,PSTOCK16,2575,14557,37,2016,2016-08-23T00:00:00Z,M,438,NO,NA,Natural,PSTOCK14,1332,1400000718,10,2014,2014-08-19T00:00:00Z,M,460,NO,NA,Natural,PSTOCK14,364,1400000735,37,2014,2014-08-27T00:00:00Z,F,425,NO,NA,Natural,NN
PS16_02588,PS14_01300,PS14_00946,PSTOCK16,2588,14580,2,2016,2016-08-29T00:00:00Z,M,476,NO,NA,Natural,PSTOCK14,1300,1400000826,26,2014,2014-08-30T00:00:00Z,M,430,NO,NA,Natural,PSTOCK14,946,1400000872,4,2014,2014-09-05T00:00:00Z,F,430,NO,NA,Natural,NN
PS16_02637,PS14_00773,PS14_00269,PSTOCK16,2637,14567,3,2016,2016-08-27T00:00:00Z,M,414,NO,NA,Natural,PSTOCK14,773,1400000828,14,2014,2014-08-30T00:00:00Z,M,450,YES,AFK12B,Hatchery,PSTOCK14,269,1400000853,20,2014,2014-09-02T00:00:00Z,F,410,NO,NA,Natural,NH
PS16_02645,PS14_01400,PS14_01056,PSTOCK16,2645,14567,11,2016,2016-08-27T00:00:00Z,F,444,NO,NA,Natural,PSTOCK14,1400,1400000736,6,2014,2014-08-27T00:00:00Z,F,420,NO,NA,Natural,PSTOCK14,1056,1400002654,19,2014,2014-08-24T00:00:00Z,M,406,NO,NA,Natural,NN
PS16_02682,PS14_01536,PS14_01168,PSTOCK16,2682,14567,48,2016,2016-08-27T00:00:00Z,F,361,NO,NA,Natural,PSTOCK14,1536,1400000827,33,2014,2014-08-30T00:00:00Z,F,410,NO,NA,Natural,PSTOCK14,1168,1400000733,38,2014,2014-08-26T00:00:00Z,M,430,NO,NA,Natural,NN
PS16_02755,PS14_01321,PS14_00085,PSTOCK16,2755,14538,25,2016,2016-08-22T00:00:00Z,F,438,NO,NA,Natural,PSTOCK14,1321,1400000826,47,2014,2014-08-30T00:00:00Z,M,400,YES,AFK12B,Hatchery,PSTOCK14,85,1400000824,37,2014,2014-08-30T00:00:00Z,F,425,NO,NA,Natural,NH
PS16_02764,PS14_01065,PS14_01056,PSTOCK16,2764,14538,34,2016,2016-08-22T00:00:00Z,F,418,NO,NA,Natural,PSTOCK14,1065,1400002654,28,2014,2014-08-24T00:00:00Z,F,403,NO,NA,Natural,PSTOCK14,1056,1400002654,19,2014,2014-08-24T00:00:00Z,M,406,NO,NA,Natural,NN
PS16_02788,PS14_01291,PS14_01168,PSTOCK16,2788,14536,10,2016,2016-08-22T00:00:00Z,F,440,NO,NA,Natural,PSTOCK14,1291,1400000826,17,2014,2014-08-30T00:00:00Z,F,445,NO,NA,Natural,PSTOCK14,1168,1400000733,38,2014,2014-08-26T00:00:00Z,M,430,NO,NA,Natural,NN
PS16_02797,PS14_01513,PS14_00325,PSTOCK16,2797,14536,19,2016,2016-08-22T00:00:00Z,M,449,NO,NA,Natural,PSTOCK14,1513,1400000827,10,2014,2014-08-30T00:00:00Z,F,425,YES,AFK12B,Hatchery,PSTOCK14,325,1400000723,43,2014,2014-08-21T00:00:00Z,M,425,NO,NA,Natural,HN
PS16_02813,PS14_01324,PS14_00320,PSTOCK16,2813,14536,35,2016,2016-08-22T00:00:00Z,M,467,NO,NA,Natural,PSTOCK14,1324,1400000718,2,2014,2014-08-19T00:00:00Z,M,NA,NO,NA,Natural,PSTOCK14,320,1400000723,38,2014,2014-08-21T00:00:00Z,F,425,NO,NA,Natural,NN
PS16_02872,PS14_01163,PS14_01068,PSTOCK16,2872,14537,46,2016,2016-08-22T00:00:00Z,M,406,NO,NA,Natural,PSTOCK14,1163,1400000733,33,2014,2014-08-26T00:00:00Z,F,375,NO,NA,Natural,PSTOCK14,1068,1400002654,31,2014,2014-08-24T00:00:00Z,M,411,NO,NA,Natural,NN
PS16_02902,PS14_00478,PS14_00368,PSTOCK16,2902,14682,28,2016,2016-08-26T00:00:00Z,M,439,NO,NA,Natural,PSTOCK14,478,1400000847,7,2014,2014-09-02T00:00:00Z,F,425,NO,NA,Natural,PSTOCK14,368,1400000735,41,2014,2014-08-27T00:00:00Z,M,390,YES,AFK12B,Hatchery,NH
PS16_02968,PS14_01538,PS14_00326,PSTOCK16,2968,14683,46,2016,2016-08-26T00:00:00Z,M,436,NO,NA,Natural,PSTOCK14,1538,1400000827,35,2014,2014-08-30T00:00:00Z,F,425,NO,NA,Natural,PSTOCK14,326,1400000723,44,2014,2014-08-21T00:00:00Z,M,485,NO,NA,Natural,NN
PS16_02979,PS14_00960,PS14_00191,PSTOCK16,2979,14681,9,2016,2016-08-26T00:00:00Z,M,411,NO,NA,Natural,PSTOCK14,960,1400000872,18,2014,2014-09-05T00:00:00Z,M,425,NO,NA,Natural,PSTOCK14,191,1400000869,38,2014,2014-09-05T00:00:00Z,F,440,YES,AFK12B,Hatchery,HN
PS16_03061,PS14_00978,PS14_00226,PSTOCK16,3061,14680,43,2016,2016-08-26T00:00:00Z,F,412,NO,NA,Natural,PSTOCK14,978,1400000872,36,2014,2014-09-05T00:00:00Z,M,385,YES,AFK12B,Hatchery,PSTOCK14,226,1400000870,25,2014,2014-09-05T00:00:00Z,F,455,NO,NA,Natural,NH
PS16_03077,PS14_01325,PS14_01323,PSTOCK16,3077,14678,11,2016,2016-08-26T00:00:00Z,F,463,NO,NA,Natural,PSTOCK14,1325,1400000718,3,2014,2014-08-19T00:00:00Z,F,NA,NO,NA,Natural,PSTOCK14,1323,1400000718,1,2014,2014-08-19T00:00:00Z,M,470,NO,NA,Natural,NN
PS16_03092,PS14_01412,PS14_01319,PSTOCK16,3092,14678,26,2016,2016-08-26T00:00:00Z,F,431,NO,NA,Natural,PSTOCK14,1412,1400000736,18,2014,2014-08-27T00:00:00Z,M,405,NO,NA,Natural,PSTOCK14,1319,1400000826,45,2014,2014-08-30T00:00:00Z,F,405,NO,NA,Natural,NN
PS16_03121,PS14_01409,PS14_01227,PSTOCK16,3121,14496,7,2016,2016-08-17T00:00:00Z,M,428,NO,NA,Natural,PSTOCK14,1409,1400000736,15,2014,2014-08-27T00:00:00Z,M,380,NO,NA,Natural,PSTOCK14,1227,1400000825,1,2014,2014-08-30T00:00:00Z,F,425,NO,NA,Natural,NN
PS16_03165,PS14_01113,PS14_00478,PSTOCK16,3165,14495,37,2016,2016-08-17T00:00:00Z,M,391,NO,NA,Natural,PSTOCK14,1113,1400000732,31,2014,2014-08-26T00:00:00Z,M,415,YES,AFK12B,Hatchery,PSTOCK14,478,1400000847,7,2014,2014-09-02T00:00:00Z,F,425,NO,NA,Natural,NH
PS16_03169,PS14_01322,PS14_01047,PSTOCK16,3169,14495,41,2016,2016-08-17T00:00:00Z,F,435,NO,NA,Natural,PSTOCK14,1322,1400000826,48,2014,2014-08-30T00:00:00Z,F,405,NO,NA,Natural,PSTOCK14,1047,1400002654,10,2014,2014-08-24T00:00:00Z,M,417,NO,NA,Natural,NN
PS16_03183,PS14_00948,PS14_00165,PSTOCK16,3183,14494,7,2016,2016-08-17T00:00:00Z,M,481,NO,NA,Natural,PSTOCK14,948,1400000872,6,2014,2014-09-05T00:00:00Z,M,445,YES,AFK12B,Hatchery,PSTOCK14,165,1400000869,12,2014,2014-09-05T00:00:00Z,F,440,NO,NA,Natural,NH
PS16_03206,PS14_01295,PS14_01080,PSTOCK16,3206,14494,30,2016,2016-08-17T00:00:00Z,M,448,NO,NA,Natural,PSTOCK14,1295,1400000826,21,2014,2014-08-30T00:00:00Z,F,425,NO,NA,Natural,PSTOCK14,1080,1400002654,43,2014,2014-08-24T00:00:00Z,M,403,YES,AFK12B,Hatchery,NH
PS16_03219,PS14_01330,PS14_00373,PSTOCK16,3219,14494,43,2016,2016-08-17T00:00:00Z,F,NA,NO,NA,Natural,PSTOCK14,1330,1400000718,8,2014,2014-08-19T00:00:00Z,F,445,NO,NA,Natural,PSTOCK14,373,1400000735,46,2014,2014-08-27T00:00:00Z,M,410,NO,NA,Natural,NN
PS16_03220,PS14_01407,PS14_01332,PSTOCK16,3220,14494,44,2016,2016-08-17T00:00:00Z,F,422,NO,NA,Natural,PSTOCK14,1407,1400000736,13,2014,2014-08-27T00:00:00Z,F,410,NO,NA,Natural,PSTOCK14,1332,1400000718,10,2014,2014-08-19T00:00:00Z,M,460,NO,NA,Natural,NN
PS16_03272,PS14_01310,PS14_01176,PSTOCK16,3272,14668,48,2016,2016-08-26T00:00:00Z,F,467,NO,NA,Natural,PSTOCK14,1310,1400000826,36,2014,2014-08-30T00:00:00Z,F,435,YES,CCH12,Hatchery,PSTOCK14,1176,1400000733,46,2014,2014-08-26T00:00:00Z,M,455,NO,NA,Natural,HN
PS16_03282,PS14_01340,PS14_01322,PSTOCK16,3282,14489,10,2016,2016-08-16T00:00:00Z,F,423,NO,NA,Natural,PSTOCK14,1340,1400000718,18,2014,2014-08-19T00:00:00Z,M,460,NO,NA,Natural,PSTOCK14,1322,1400000826,48,2014,2014-08-30T00:00:00Z,F,405,NO,NA,Natural,NN
PS16_03438,PS14_01334,PS14_01323,PSTOCK16,3438,14513,22,2016,2016-08-19T00:00:00Z,F,416,NO,NA,Natural,PSTOCK14,1334,1400000718,12,2014,2014-08-19T00:00:00Z,F,420,NO,NA,Natural,PSTOCK14,1323,1400000718,1,2014,2014-08-19T00:00:00Z,M,470,NO,NA,Natural,NN
PS16_03462,PS14_00353,PS14_00074,PSTOCK16,3462,14513,46,2016,2016-08-19T00:00:00Z,F,431,NO,NA,Natural,PSTOCK14,353,1400000735,26,2014,2014-08-27T00:00:00Z,M,460,NO,NA,Natural,PSTOCK14,74,1400000824,26,2014,2014-08-30T00:00:00Z,F,415,NO,NA,Natural,NN
PS16_03467,PS14_00345,PS14_00093,PSTOCK16,3467,14512,3,2016,2016-08-19T00:00:00Z,F,435,NO,NA,Natural,PSTOCK14,345,1400000735,18,2014,2014-08-27T00:00:00Z,M,410,NO,NA,Natural,PSTOCK14,93,1400000824,45,2014,2014-08-30T00:00:00Z,F,430,NO,NA,Natural,NN
PS16_03482,PS14_01305,PS14_01153,PSTOCK16,3482,14512,18,2016,2016-08-19T00:00:00Z,M,486,NO,NA,Natural,PSTOCK14,1305,1400000826,31,2014,2014-08-30T00:00:00Z,F,420,NO,NA,Natural,PSTOCK14,1153,1400000733,23,2014,2014-08-26T00:00:00Z,M,425,NO,NA,Natural,NN
PS16_03524,PS14_01331,PS14_01163,PSTOCK16,3524,14533,12,2016,2016-08-21T00:00:00Z,F,427,NO,NA,Natural,PSTOCK14,1331,1400000718,9,2014,2014-08-19T00:00:00Z,M,475,NO,NA,Natural,PSTOCK14,1163,1400000733,33,2014,2014-08-26T00:00:00Z,F,375,NO,NA,Natural,NN
PS16_03534,PS14_01333,PS14_01163,PSTOCK16,3534,14533,22,2016,2016-08-21T00:00:00Z,M,438,NO,NA,Natural,PSTOCK14,1333,1400000718,11,2014,2014-08-19T00:00:00Z,M,415,NO,NA,Natural,PSTOCK14,1163,1400000733,33,2014,2014-08-26T00:00:00Z,F,375,NO,NA,Natural,NN
PS16_03536,PS14_01407,PS14_01332,PSTOCK16,3536,14533,24,2016,2016-08-21T00:00:00Z,M,442,NO,NA,Natural,PSTOCK14,1407,1400000736,13,2014,2014-08-27T00:00:00Z,F,410,NO,NA,Natural,PSTOCK14,1332,1400000718,10,2014,2014-08-19T00:00:00Z,M,460,NO,NA,Natural,NN
PS16_03543,PS14_01332,PS14_00356,PSTOCK16,3543,14533,31,2016,2016-08-21T00:00:00Z,M,398,NO,NA,Natural,PSTOCK14,1332,1400000718,10,2014,2014-08-19T00:00:00Z,M,460,NO,NA,Natural,PSTOCK14,356,1400000735,29,2014,2014-08-27T00:00:00Z,F,425,NO,NA,Natural,NN
PS16_03546,PS14_01263,PS14_01066,PSTOCK16,3546,14533,34,2016,2016-08-21T00:00:00Z,F,469,NO,NA,Natural,PSTOCK14,1263,1400000825,37,2014,2014-08-30T00:00:00Z,F,435,YES,AFK12B,Hatchery,PSTOCK14,1066,1400002654,29,2014,2014-08-24T00:00:00Z,M,400,NO,NA,Natural,HN
PS16_03548,PS14_01399,PS14_01259,PSTOCK16,3548,14533,36,2016,2016-08-21T00:00:00Z,M,446,NO,NA,Natural,PSTOCK14,1399,1400000736,5,2014,2014-08-27T00:00:00Z,M,410,YES,AFK12B,Hatchery,PSTOCK14,1259,1400000825,33,2014,2014-08-30T00:00:00Z,F,425,NO,NA,Natural,NH
PS16_03553,PS14_00352,PS14_00240,PSTOCK16,3553,14533,41,2016,2016-08-21T00:00:00Z,M,450,NO,NA,Natural,PSTOCK14,352,1400000735,25,2014,2014-08-27T00:00:00Z,M,410,NO,NA,Natural,PSTOCK14,240,1400000870,39,2014,2014-09-05T00:00:00Z,F,405,NO,NA,Natural,NN
PS16_03640,PS14_01332,PS14_00364,PSTOCK16,3640,14534,48,2016,2016-08-21T00:00:00Z,M,428,NO,NA,Natural,PSTOCK14,1332,1400000718,10,2014,2014-08-19T00:00:00Z,M,460,NO,NA,Natural,PSTOCK14,364,1400000735,37,2014,2014-08-27T00:00:00Z,F,425,NO,NA,Natural,NN
PS16_03654,PS14_01291,PS14_01168,PSTOCK16,3654,14543,14,2016,2016-08-22T00:00:00Z,M,502,NO,NA,Natural,PSTOCK14,1291,1400000826,17,2014,2014-08-30T00:00:00Z,F,445,NO,NA,Natural,PSTOCK14,1168,1400000733,38,2014,2014-08-26T00:00:00Z,M,430,NO,NA,Natural,NN
PS16_03655,PS14_01332,PS14_00367,PSTOCK16,3655,14543,15,2016,2016-08-22T00:00:00Z,F,449,NO,NA,Natural,PSTOCK14,1332,1400000718,10,2014,2014-08-19T00:00:00Z,M,460,NO,NA,Natural,PSTOCK14,367,1400000735,40,2014,2014-08-27T00:00:00Z,F,405,NO,NA,Natural,NN
PS16_03687,PS14_00796,PS14_00353,PSTOCK16,3687,14543,47,2016,2016-08-22T00:00:00Z,M,491,NO,NA,Natural,PSTOCK14,796,1400000828,37,2014,2014-08-30T00:00:00Z,F,430,NO,NA,Natural,PSTOCK14,353,1400000735,26,2014,2014-08-27T00:00:00Z,M,460,NO,NA,Natural,NN
PS16_03691,PS14_01537,PS14_01267,PSTOCK16,3691,14542,3,2016,2016-08-22T00:00:00Z,M,502,NO,NA,Natural,PSTOCK14,1537,1400000827,34,2014,2014-08-30T00:00:00Z,F,425,YES,AFK12B,Hatchery,PSTOCK14,1267,1400000825,41,2014,2014-08-30T00:00:00Z,M,425,NO,NA,Natural,HN
PS16_03706,PS14_01332,PS14_00367,PSTOCK16,3706,14542,18,2016,2016-08-22T00:00:00Z,F,462,NO,NA,Natural,PSTOCK14,1332,1400000718,10,2014,2014-08-19T00:00:00Z,M,460,NO,NA,Natural,PSTOCK14,367,1400000735,40,2014,2014-08-27T00:00:00Z,F,405,NO,NA,Natural,NN
PS16_03722,PS14_01538,PS14_00329,PSTOCK16,3722,14542,34,2016,2016-08-22T00:00:00Z,F,448,NO,NA,Natural,PSTOCK14,1538,1400000827,35,2014,2014-08-30T00:00:00Z,F,425,NO,NA,Natural,PSTOCK14,329,1400000735,2,2014,2014-08-27T00:00:00Z,M,360,YES,AFK12B,Hatchery,NH
PS16_03759,PS14_00765,PS14_00653,PSTOCK16,3759,14541,23,2016,2016-08-22T00:00:00Z,F,451,NO,NA,Natural,PSTOCK14,765,1400000828,6,2014,2014-08-30T00:00:00Z,M,450,YES,AFK12B,Hatchery,PSTOCK14,653,1400000850,38,2014,2014-09-02T00:00:00Z,F,445,YES,AFK12B,Hatchery,HH
PS16_03782,PS14_01333,PS14_01163,PSTOCK16,3782,14541,46,2016,2016-08-22T00:00:00Z,M,383,NO,NA,Natural,PSTOCK14,1333,1400000718,11,2014,2014-08-19T00:00:00Z,M,415,NO,NA,Natural,PSTOCK14,1163,1400000733,33,2014,2014-08-26T00:00:00Z,F,375,NO,NA,Natural,NN
PS16_03866,PS14_01275,PS14_00280,PSTOCK16,3866,14616,34,2016,2016-08-31T00:00:00Z,M,415,NO,NA,Natural,PSTOCK14,1275,1400000826,1,2014,2014-08-30T00:00:00Z,M,430,NO,NA,Natural,PSTOCK14,280,1400000853,31,2014,2014-09-02T00:00:00Z,F,445,YES,AFK12B,Hatchery,HN
PS16_03955,PS14_00960,PS14_00179,PSTOCK16,3955,15821,27,2016,2016-09-07T00:00:00Z,F,396,NO,NA,Natural,PSTOCK14,960,1400000872,18,2014,2014-09-05T00:00:00Z,M,425,NO,NA,Natural,PSTOCK14,179,1400000869,26,2014,2014-09-05T00:00:00Z,F,445,NO,NA,Natural,NN
PS16_04035,PS14_00798,PS14_00163,PSTOCK16,4035,14565,11,2016,2016-08-27T00:00:00Z,M,440,NO,NA,Natural,PSTOCK14,798,1400000828,39,2014,2014-08-30T00:00:00Z,M,470,NO,NA,Natural,PSTOCK14,163,1400000869,10,2014,2014-09-05T00:00:00Z,F,450,NO,NA,Natural,NN
PS16_04103,PS14_00496,PS14_00146,PSTOCK16,4103,14564,31,2016,2016-08-27T00:00:00Z,M,441,NO,NA,Natural,PSTOCK14,496,1400000847,25,2014,2014-09-02T00:00:00Z,F,450,YES,AFK12B,Hatchery,PSTOCK14,146,1400000868,41,2014,2014-09-05T00:00:00Z,M,435,YES,AFK12B,Hatchery,HH
PS16_04258,PS14_01286,PS14_01176,PSTOCK16,4258,14687,14,2016,2016-08-26T00:00:00Z,F,439,NO,NA,Natural,PSTOCK14,1286,1400000826,12,2014,2014-08-30T00:00:00Z,F,440,YES,AFK12B,Hatchery,PSTOCK14,1176,1400000733,46,2014,2014-08-26T00:00:00Z,M,455,NO,NA,Natural,HN
PS16_04442,PS14_01066,PS14_00314,PSTOCK16,4442,14488,6,2016,2016-08-15T00:00:00Z,M,446,NO,NA,Natural,PSTOCK14,1066,1400002654,29,2014,2014-08-24T00:00:00Z,M,400,NO,NA,Natural,PSTOCK14,314,1400000723,32,2014,2014-08-21T00:00:00Z,F,445,YES,AFK12B,Hatchery,HN
PS16_04482,PS14_01339,PS14_01063,PSTOCK16,4482,14594,39,2016,2016-08-29T00:00:00Z,F,445,NO,NA,Natural,PSTOCK14,1339,1400000718,17,2014,2014-08-19T00:00:00Z,M,435,NO,NA,Natural,PSTOCK14,1063,1400002654,26,2014,2014-08-24T00:00:00Z,F,244,NO,NA,Natural,NN
PS16_04508,PS14_00749,PS14_00203,PSTOCK16,4508,14591,17,2016,2016-08-29T00:00:00Z,F,451,NO,NA,Natural,PSTOCK14,749,1400000852,38,2014,2014-09-02T00:00:00Z,M,485,YES,AFK12B,Hatchery,PSTOCK14,203,1400000870,2,2014,2014-09-05T00:00:00Z,F,NA,YES,AFK12B,Hatchery,HH
PS16_04509,PS14_01286,PS14_01176,PSTOCK16,4509,14591,18,2016,2016-08-29T00:00:00Z,M,450,NO,NA,Natural,PSTOCK14,1286,1400000826,12,2014,2014-08-30T00:00:00Z,F,440,YES,AFK12B,Hatchery,PSTOCK14,1176,1400000733,46,2014,2014-08-26T00:00:00Z,M,455,NO,NA,Natural,HN
PS16_04575,PS14_00458,PS14_00068,PSTOCK16,4575,14593,36,2016,2016-08-29T00:00:00Z,M,423,NO,NA,Natural,PSTOCK14,458,1400000871,35,2014,2014-09-05T00:00:00Z,F,445,NO,NA,Natural,PSTOCK14,68,1400000824,20,2014,2014-08-30T00:00:00Z,M,370,NO,NA,Natural,NN
PS16_04622,PS14_01324,PS14_00320,PSTOCK16,4622,14592,35,2016,2016-08-29T00:00:00Z,F,438,NO,NA,Natural,PSTOCK14,1324,1400000718,2,2014,2014-08-19T00:00:00Z,M,NA,NO,NA,Natural,PSTOCK14,320,1400000723,38,2014,2014-08-21T00:00:00Z,F,425,NO,NA,Natural,NN
PS16_04684,PS14_01540,PS14_00372,PSTOCK16,4684,14617,45,2016,2016-08-31T00:00:00Z,M,446,NO,NA,Natural,PSTOCK14,1540,1400000827,37,2014,2014-08-30T00:00:00Z,F,445,YES,AFK12B,Hatchery,PSTOCK14,372,1400000735,45,2014,2014-08-27T00:00:00Z,M,400,NO,NA,Natural,HN
PS16_04740,PS14_01326,PS14_00315,PSTOCK16,4740,14584,5,2016,2016-08-29T00:00:00Z,F,424,NO,NA,Natural,PSTOCK14,1326,1400000718,4,2014,2014-08-19T00:00:00Z,M,435,NO,NA,Natural,PSTOCK14,315,1400000723,33,2014,2014-08-21T00:00:00Z,F,420,NO,NA,Natural,NN
PS16_04741,PS14_00458,PS14_00068,PSTOCK16,4741,14584,6,2016,2016-08-29T00:00:00Z,F,458,NO,NA,Natural,PSTOCK14,458,1400000871,35,2014,2014-09-05T00:00:00Z,F,445,NO,NA,Natural,PSTOCK14,68,1400000824,20,2014,2014-08-30T00:00:00Z,M,370,NO,NA,Natural,NN
PS16_04747,PS14_01076,PS14_00081,PSTOCK16,4747,14584,12,2016,2016-08-29T00:00:00Z,M,440,NO,NA,Natural,PSTOCK14,1076,1400002654,39,2014,2014-08-24T00:00:00Z,M,347,NO,NA,Natural,PSTOCK14,81,1400000824,33,2014,2014-08-30T00:00:00Z,F,455,NO,NA,Natural,NN
PS16_04748,PS14_01337,PS14_00330,PSTOCK16,4748,14584,13,2016,2016-08-29T00:00:00Z,F,455,NO,NA,Natural,PSTOCK14,1337,1400000718,15,2014,2014-08-19T00:00:00Z,M,410,NO,NA,Natural,PSTOCK14,330,1400000735,3,2014,2014-08-27T00:00:00Z,F,380,NO,NA,Natural,NN
PS16_04765,PS14_01324,PS14_00320,PSTOCK16,4765,14584,30,2016,2016-08-29T00:00:00Z,M,430,NO,NA,Natural,PSTOCK14,1324,1400000718,2,2014,2014-08-19T00:00:00Z,M,NA,NO,NA,Natural,PSTOCK14,320,1400000723,38,2014,2014-08-21T00:00:00Z,F,425,NO,NA,Natural,NN
PS16_04906,PS14_00767,PS14_00349,PSTOCK16,4906,15809,4,2016,2016-09-06T00:00:00Z,M,NA,NO,NA,Natural,PSTOCK14,767,1400000828,8,2014,2014-08-30T00:00:00Z,F,390,NO,NA,Natural,PSTOCK14,349,1400000735,22,2014,2014-08-27T00:00:00Z,M,455,YES,AFK12B,Hatchery,NH
PS16_04918,PS14_01324,PS14_01259,PSTOCK16,4918,15809,16,2016,2016-09-06T00:00:00Z,M,437,NO,NA,Natural,PSTOCK14,1324,1400000718,2,2014,2014-08-19T00:00:00Z,M,NA,NO,NA,Natural,PSTOCK14,1259,1400000825,33,2014,2014-08-30T00:00:00Z,F,425,NO,NA,Natural,NN
PS16_04964,PS14_00825,PS14_00494,PSTOCK16,4964,15887,14,2016,2016-09-11T00:00:00Z,M,460,NO,NA,Natural,PSTOCK14,825,1400000846,18,2014,2014-09-02T00:00:00Z,F,485,YES,AFK12B,Hatchery,PSTOCK14,494,1400000847,23,2014,2014-09-02T00:00:00Z,M,480,YES,AFK12B,Hatchery,HH
PS16_04968,PS14_00767,PS14_00349,PSTOCK16,4968,15887,18,2016,2016-09-11T00:00:00Z,M,NA,NO,NA,Natural,PSTOCK14,767,1400000828,8,2014,2014-08-30T00:00:00Z,F,390,NO,NA,Natural,PSTOCK14,349,1400000735,22,2014,2014-08-27T00:00:00Z,M,455,YES,AFK12B,Hatchery,NH
PS16_04980,PS14_00530,PS14_00072,PSTOCK16,4980,15887,30,2016,2016-09-11T00:00:00Z,F,425,NO,NA,Natural,PSTOCK14,530,1400000848,11,2014,2014-09-02T00:00:00Z,F,450,NO,NA,Natural,PSTOCK14,72,1400000824,24,2014,2014-08-30T00:00:00Z,M,425,NO,NA,Natural,NN
PS16_05126,PS14_00458,PS14_00068,PSTOCK16,5126,15888,32,2016,2016-09-11T00:00:00Z,M,NA,NO,NA,Natural,PSTOCK14,458,1400000871,35,2014,2014-09-05T00:00:00Z,F,445,NO,NA,Natural,PSTOCK14,68,1400000824,20,2014,2014-08-30T00:00:00Z,M,370,NO,NA,Natural,NN
PS16_05134,PS14_01057,PS14_00771,PSTOCK16,5134,15888,40,2016,2016-09-11T00:00:00Z,M,NA,NO,NA,Natural,PSTOCK14,1057,1400002654,20,2014,2014-08-24T00:00:00Z,M,431,NO,NA,Natural,PSTOCK14,771,1400000828,12,2014,2014-08-30T00:00:00Z,F,410,NO,NA,Natural,NN
PS16_05154,PS14_01340,PS14_00005,PSTOCK16,5154,15822,12,2016,2016-09-07T00:00:00Z,M,423,NO,NA,Natural,PSTOCK14,1340,1400000718,18,2014,2014-08-19T00:00:00Z,M,460,NO,NA,Natural,PSTOCK14,5,1400000829,5,2014,2014-08-30T00:00:00Z,F,420,NO,NA,Natural,NN
PS16_05188,PS14_00375,PS14_00208,PSTOCK16,5188,15822,46,2016,2016-09-07T00:00:00Z,M,462,NO,NA,Natural,PSTOCK14,375,1400000735,48,2014,2014-08-27T00:00:00Z,M,390,NO,NA,Natural,PSTOCK14,208,1400000870,7,2014,2014-09-05T00:00:00Z,F,455,YES,AFK12B,Hatchery,HN
PS16_05418,PS14_01398,PS14_00345,PSTOCK16,5418,14650,36,2016,2016-09-02T00:00:00Z,F,428,NO,NA,Natural,PSTOCK14,1398,1400000736,4,2014,2014-08-27T00:00:00Z,F,385,NO,NA,Natural,PSTOCK14,345,1400000735,18,2014,2014-08-27T00:00:00Z,M,410,NO,NA,Natural,NN
PS16_05470,PS14_01168,PS14_00772,PSTOCK16,5470,14649,40,2016,2016-09-02T00:00:00Z,F,448,NO,NA,Natural,PSTOCK14,1168,1400000733,38,2014,2014-08-26T00:00:00Z,M,430,NO,NA,Natural,PSTOCK14,772,1400000828,13,2014,2014-08-30T00:00:00Z,F,410,YES,AFK12B,Hatchery,HN
PS16_05570,PS14_01533,PS14_01168,PSTOCK16,5570,14563,44,2016,2016-08-27T00:00:00Z,F,438,NO,NA,Natural,PSTOCK14,1533,1400000827,30,2014,2014-08-30T00:00:00Z,F,445,YES,AFK12B,Hatchery,PSTOCK14,1168,1400000733,38,2014,2014-08-26T00:00:00Z,M,430,NO,NA,Natural,HN
PS16_05658,PS14_00948,PS14_00165,PSTOCK16,5658,14622,36,2016,2016-08-31T00:00:00Z,F,427,NO,NA,Natural,PSTOCK14,948,1400000872,6,2014,2014-09-05T00:00:00Z,M,445,YES,AFK12B,Hatchery,PSTOCK14,165,1400000869,12,2014,2014-09-05T00:00:00Z,F,440,NO,NA,Natural,NH
PS16_05959,PS14_01537,PS14_01267,PSTOCK16,5959,14625,1,2016,2016-08-31T00:00:00Z,F,450,NO,NA,Natural,PSTOCK14,1537,1400000827,34,2014,2014-08-30T00:00:00Z,F,425,YES,AFK12B,Hatchery,PSTOCK14,1267,1400000825,41,2014,2014-08-30T00:00:00Z,M,425,NO,NA,Natural,HN
PS16_06048,PS14_01310,PS14_01176,PSTOCK16,6048,14631,42,2016,2016-09-02T00:00:00Z,M,NA,NO,NA,Natural,PSTOCK14,1310,1400000826,36,2014,2014-08-30T00:00:00Z,F,435,YES,CCH12,Hatchery,PSTOCK14,1176,1400000733,46,2014,2014-08-26T00:00:00Z,M,455,NO,NA,Natural,HN
PS16_06107,PS14_00548,PS14_00071,PSTOCK16,6107,14546,5,2016,2016-08-23T00:00:00Z,M,422,NO,NA,Natural,PSTOCK14,548,1400000848,29,2014,2014-09-02T00:00:00Z,F,450,YES,AFK12B,Hatchery,PSTOCK14,71,1400000824,23,2014,2014-08-30T00:00:00Z,M,390,YES,AFK12B,Hatchery,HH
PS16_06133,PS14_01339,PS14_01063,PSTOCK16,6133,14546,31,2016,2016-08-23T00:00:00Z,M,461,NO,NA,Natural,PSTOCK14,1339,1400000718,17,2014,2014-08-19T00:00:00Z,M,435,NO,NA,Natural,PSTOCK14,1063,1400002654,26,2014,2014-08-24T00:00:00Z,F,244,NO,NA,Natural,NN
PS16_06154,PS14_00960,PS14_00191,PSTOCK16,6154,14556,4,2016,2016-08-23T00:00:00Z,F,428,NO,NA,Natural,PSTOCK14,960,1400000872,18,2014,2014-09-05T00:00:00Z,M,425,NO,NA,Natural,PSTOCK14,191,1400000869,38,2014,2014-09-05T00:00:00Z,F,440,YES,AFK12B,Hatchery,HN
PS16_06175,PS14_01034,PS14_00369,PSTOCK16,6175,14556,25,2016,2016-08-23T00:00:00Z,M,457,NO,NA,Natural,PSTOCK14,1034,1400000873,44,2014,2014-09-05T00:00:00Z,F,425,NO,NA,Natural,PSTOCK14,369,1400000735,42,2014,2014-08-27T00:00:00Z,M,405,YES,AFK12B,Hatchery,NH
PS16_06225,PS14_01412,PS14_01319,PSTOCK16,6225,14554,27,2016,2016-08-23T00:00:00Z,M,438,NO,NA,Natural,PSTOCK14,1412,1400000736,18,2014,2014-08-27T00:00:00Z,M,405,NO,NA,Natural,PSTOCK14,1319,1400000826,45,2014,2014-08-30T00:00:00Z,F,405,NO,NA,Natural,NN
PS16_06230,PS14_01403,PS14_00081,PSTOCK16,6230,14554,32,2016,2016-08-23T00:00:00Z,F,403,NO,NA,Natural,PSTOCK14,1403,1400000736,9,2014,2014-08-27T00:00:00Z,M,410,YES,AFK12B,Hatchery,PSTOCK14,81,1400000824,33,2014,2014-08-30T00:00:00Z,F,455,NO,NA,Natural,NH
PS16_06245,PS14_01333,PS14_01163,PSTOCK16,6245,14554,47,2016,2016-08-23T00:00:00Z,M,392,NO,NA,Natural,PSTOCK14,1333,1400000718,11,2014,2014-08-19T00:00:00Z,M,415,NO,NA,Natural,PSTOCK14,1163,1400000733,33,2014,2014-08-26T00:00:00Z,F,375,NO,NA,Natural,NN
PS16_06253,PS14_00210,PS14_00004,PSTOCK16,6253,14553,7,2016,2016-08-23T00:00:00Z,M,449,NO,NA,Natural,PSTOCK14,210,1400000870,9,2014,2014-09-05T00:00:00Z,F,425,YES,AFK12B,Hatchery,PSTOCK14,4,1400000829,4,2014,2014-08-30T00:00:00Z,M,425,YES,AFK12B,Hatchery,HH
PS16_06264,PS14_01334,PS14_01323,PSTOCK16,6264,14553,18,2016,2016-08-23T00:00:00Z,F,441,NO,NA,Natural,PSTOCK14,1334,1400000718,12,2014,2014-08-19T00:00:00Z,F,420,NO,NA,Natural,PSTOCK14,1323,1400000718,1,2014,2014-08-19T00:00:00Z,M,470,NO,NA,Natural,NN
PS16_06288,PS14_00960,PS14_00179,PSTOCK16,6288,14553,42,2016,2016-08-23T00:00:00Z,F,NA,NO,NA,Natural,PSTOCK14,960,1400000872,18,2014,2014-09-05T00:00:00Z,M,425,NO,NA,Natural,PSTOCK14,179,1400000869,26,2014,2014-09-05T00:00:00Z,F,445,NO,NA,Natural,NN
PS16_06306,PS14_01412,PS14_00367,PSTOCK16,6306,14487,12,2016,2016-08-15T00:00:00Z,F,430,NO,NA,Natural,PSTOCK14,1412,1400000736,18,2014,2014-08-27T00:00:00Z,M,405,NO,NA,Natural,PSTOCK14,367,1400000735,40,2014,2014-08-27T00:00:00Z,F,405,NO,NA,Natural,NN
PS16_06313,PS14_00353,PS14_00074,PSTOCK16,6313,14487,19,2016,2016-08-15T00:00:00Z,M,471,NO,NA,Natural,PSTOCK14,353,1400000735,26,2014,2014-08-27T00:00:00Z,M,460,NO,NA,Natural,PSTOCK14,74,1400000824,26,2014,2014-08-30T00:00:00Z,F,415,NO,NA,Natural,NN
PS16_06341,PS14_01224,PS14_00653,PSTOCK16,6341,14487,47,2016,2016-08-15T00:00:00Z,M,NA,NO,NA,Natural,PSTOCK14,1224,1400000867,46,2014,2014-09-05T00:00:00Z,M,435,NO,NA,Natural,PSTOCK14,653,1400000850,38,2014,2014-09-02T00:00:00Z,F,445,YES,AFK12B,Hatchery,HN
PS16_06466,PS14_01068,PS14_00768,PSTOCK16,6466,14558,2,2016,2016-08-27T00:00:00Z,F,461,NO,NA,Natural,PSTOCK14,1068,1400002654,31,2014,2014-08-24T00:00:00Z,M,411,NO,NA,Natural,PSTOCK14,768,1400000828,9,2014,2014-08-30T00:00:00Z,F,425,NO,NA,Natural,NN
PS16_06480,PS14_01030,PS14_00264,PSTOCK16,6480,14558,16,2016,2016-08-27T00:00:00Z,M,408,NO,NA,Natural,PSTOCK14,1030,1400000873,40,2014,2014-09-05T00:00:00Z,F,385,NO,NA,Natural,PSTOCK14,264,1400000853,15,2014,2014-09-02T00:00:00Z,M,465,NO,NA,Natural,NN
PS16_06507,PS14_00960,PS14_00179,PSTOCK16,6507,14558,43,2016,2016-08-27T00:00:00Z,F,450,NO,NA,Natural,PSTOCK14,960,1400000872,18,2014,2014-09-05T00:00:00Z,M,425,NO,NA,Natural,PSTOCK14,179,1400000869,26,2014,2014-09-05T00:00:00Z,F,445,NO,NA,Natural,NN
PS16_06845,PS14_01275,PS14_00280,PSTOCK16,6845,15819,45,2016,2016-09-07T00:00:00Z,M,444,NO,NA,Natural,PSTOCK14,1275,1400000826,1,2014,2014-08-30T00:00:00Z,M,430,NO,NA,Natural,PSTOCK14,280,1400000853,31,2014,2014-09-02T00:00:00Z,F,445,YES,AFK12B,Hatchery,HN
PS16_06920,PS14_00354,PS14_00025,PSTOCK16,6920,14654,24,2016,2016-09-02T00:00:00Z,F,438,NO,NA,Natural,PSTOCK14,354,1400000735,27,2014,2014-08-27T00:00:00Z,M,435,NO,NA,Natural,PSTOCK14,25,1400000829,25,2014,2014-08-30T00:00:00Z,F,425,NO,NA,Natural,NN
PS16_06946,PS14_00575,PS14_00568,PSTOCK16,6946,14653,2,2016,2016-09-02T00:00:00Z,F,445,NO,NA,Natural,PSTOCK14,575,1400000849,8,2014,2014-09-02T00:00:00Z,F,425,YES,AFK12B,Hatchery,PSTOCK14,568,1400000849,1,2014,2014-09-02T00:00:00Z,M,475,YES,AFK12B,Hatchery,HH
PS16_06967,PS14_01071,PS14_00791,PSTOCK16,6967,14653,23,2016,2016-09-02T00:00:00Z,M,461,NO,NA,Natural,PSTOCK14,1071,1400002654,34,2014,2014-08-24T00:00:00Z,M,417,NO,NA,Natural,PSTOCK14,791,1400000828,32,2014,2014-08-30T00:00:00Z,F,450,NO,NA,Natural,NN
PS16_06981,PS14_00514,PS14_00054,PSTOCK16,6981,14653,37,2016,2016-09-02T00:00:00Z,F,420,NO,NA,Natural,PSTOCK14,514,1400000847,43,2014,2014-09-02T00:00:00Z,F,430,YES,AFK12B,Hatchery,PSTOCK14,54,1400000824,6,2014,2014-08-30T00:00:00Z,M,395,YES,AFK12B,Hatchery,HH
PS16_07003,PS14_01247,PS14_00430,PSTOCK16,7003,15791,11,2016,2016-09-04T00:00:00Z,F,405,NO,NA,Natural,PSTOCK14,1247,1400000825,21,2014,2014-08-30T00:00:00Z,M,465,YES,AFK12B,Hatchery,PSTOCK14,430,1400000871,7,2014,2014-09-05T00:00:00Z,F,NA,NO,NA,Natural,NH
PS16_07033,PS14_01237,PS14_00526,PSTOCK16,7033,15791,41,2016,2016-09-04T00:00:00Z,F,427,NO,NA,Natural,PSTOCK14,1237,1400000825,11,2014,2014-08-30T00:00:00Z,M,390,NO,NA,Natural,PSTOCK14,526,1400000848,7,2014,2014-09-02T00:00:00Z,F,410,YES,AFK12B,Hatchery,HN
PS16_07071,PS14_01412,PS14_00768,PSTOCK16,7071,15782,31,2016,2016-09-04T00:00:00Z,F,444,NO,NA,Natural,PSTOCK14,1412,1400000736,18,2014,2014-08-27T00:00:00Z,M,405,NO,NA,Natural,PSTOCK14,768,1400000828,9,2014,2014-08-30T00:00:00Z,F,425,NO,NA,Natural,NN
PS16_07099,PS14_01234,PS14_00338,PSTOCK16,7099,15781,11,2016,2016-09-04T00:00:00Z,M,396,NO,NA,Natural,PSTOCK14,1234,1400000825,8,2014,2014-08-30T00:00:00Z,F,425,YES,AFK12B,Hatchery,PSTOCK14,338,1400000735,11,2014,2014-08-27T00:00:00Z,M,410,NO,NA,Natural,HN
PS16_07184,PS14_01275,PS14_00280,PSTOCK16,7184,15780,48,2016,2016-09-04T00:00:00Z,F,436,NO,NA,Natural,PSTOCK14,1275,1400000826,1,2014,2014-08-30T00:00:00Z,M,430,NO,NA,Natural,PSTOCK14,280,1400000853,31,2014,2014-09-02T00:00:00Z,F,445,YES,AFK12B,Hatchery,HN
PS16_07407,PS14_01275,PS14_00280,PSTOCK16,7407,14685,31,2016,2016-08-26T00:00:00Z,F,437,NO,NA,Natural,PSTOCK14,1275,1400000826,1,2014,2014-08-30T00:00:00Z,M,430,NO,NA,Natural,PSTOCK14,280,1400000853,31,2014,2014-09-02T00:00:00Z,F,445,YES,AFK12B,Hatchery,HN
PS16_07438,PS14_01335,PS14_01331,PSTOCK16,7438,14684,14,2016,2016-08-26T00:00:00Z,F,439,NO,NA,Natural,PSTOCK14,1335,1400000718,13,2014,2014-08-19T00:00:00Z,F,420,NO,NA,Natural,PSTOCK14,1331,1400000718,9,2014,2014-08-19T00:00:00Z,M,475,NO,NA,Natural,NN
PS16_07450,PS14_01412,PS14_00367,PSTOCK16,7450,14684,26,2016,2016-08-26T00:00:00Z,F,449,NO,NA,Natural,PSTOCK14,1412,1400000736,18,2014,2014-08-27T00:00:00Z,M,405,NO,NA,Natural,PSTOCK14,367,1400000735,40,2014,2014-08-27T00:00:00Z,F,405,NO,NA,Natural,NN
PS16_07485,PS14_01160,PS14_00468,PSTOCK16,7485,14545,13,2016,2016-08-22T00:00:00Z,F,434,NO,NA,Natural,PSTOCK14,1160,1400000733,30,2014,2014-08-26T00:00:00Z,M,405,YES,AFK12B,Hatchery,PSTOCK14,468,1400000871,45,2014,2014-09-05T00:00:00Z,F,450,YES,AFK12B,Hatchery,HH
PS16_07508,PS14_01326,PS14_00367,PSTOCK16,7508,14544,1,2016,2016-08-22T00:00:00Z,F,432,NO,NA,Natural,PSTOCK14,1326,1400000718,4,2014,2014-08-19T00:00:00Z,M,435,NO,NA,Natural,PSTOCK14,367,1400000735,40,2014,2014-08-27T00:00:00Z,F,405,NO,NA,Natural,NN
PS16_07540,PS14_01324,PS14_00320,PSTOCK16,7540,14544,33,2016,2016-08-22T00:00:00Z,F,444,NO,NA,Natural,PSTOCK14,1324,1400000718,2,2014,2014-08-19T00:00:00Z,M,NA,NO,NA,Natural,PSTOCK14,320,1400000723,38,2014,2014-08-21T00:00:00Z,F,425,NO,NA,Natural,NN
PS16_07542,PS14_01333,PS14_01163,PSTOCK16,7542,14544,35,2016,2016-08-22T00:00:00Z,M,430,NO,NA,Natural,PSTOCK14,1333,1400000718,11,2014,2014-08-19T00:00:00Z,M,415,NO,NA,Natural,PSTOCK14,1163,1400000733,33,2014,2014-08-26T00:00:00Z,F,375,NO,NA,Natural,NN
PS16_07546,PS14_01335,PS14_01331,PSTOCK16,7546,14544,39,2016,2016-08-22T00:00:00Z,F,452,NO,NA,Natural,PSTOCK14,1335,1400000718,13,2014,2014-08-19T00:00:00Z,F,420,NO,NA,Natural,PSTOCK14,1331,1400000718,9,2014,2014-08-19T00:00:00Z,M,475,NO,NA,Natural,NN
PS16_07558,PS14_01332,PS14_00364,PSTOCK16,7558,14540,3,2016,2016-08-22T00:00:00Z,F,449,NO,NA,Natural,PSTOCK14,1332,1400000718,10,2014,2014-08-19T00:00:00Z,M,460,NO,NA,Natural,PSTOCK14,364,1400000735,37,2014,2014-08-27T00:00:00Z,F,425,NO,NA,Natural,NN
PS16_07576,PS14_01323,PS14_01064,PSTOCK16,7576,14540,21,2016,2016-08-22T00:00:00Z,F,454,NO,NA,Natural,PSTOCK14,1323,1400000718,1,2014,2014-08-19T00:00:00Z,M,470,NO,NA,Natural,PSTOCK14,1064,1400002654,27,2014,2014-08-24T00:00:00Z,F,407,NO,NA,Natural,NN
PS16_07652,PS14_00349,PS14_00070,PSTOCK16,7652,15877,44,2016,2016-09-10T00:00:00Z,M,447,NO,NA,Natural,PSTOCK14,349,1400000735,22,2014,2014-08-27T00:00:00Z,M,455,YES,AFK12B,Hatchery,PSTOCK14,70,1400000824,22,2014,2014-08-30T00:00:00Z,F,415,NO,NA,Natural,NH
PS16_07689,PS14_00478,PS14_00368,PSTOCK16,7689,15876,33,2016,2016-09-10T00:00:00Z,F,445,NO,NA,Natural,PSTOCK14,478,1400000847,7,2014,2014-09-02T00:00:00Z,F,425,NO,NA,Natural,PSTOCK14,368,1400000735,41,2014,2014-08-27T00:00:00Z,M,390,YES,AFK12B,Hatchery,NH
PS16_07739,PS14_01068,PS14_00768,PSTOCK16,7739,15875,35,2016,2016-09-10T00:00:00Z,M,455,NO,NA,Natural,PSTOCK14,1068,1400002654,31,2014,2014-08-24T00:00:00Z,M,411,NO,NA,Natural,PSTOCK14,768,1400000828,9,2014,2014-08-30T00:00:00Z,F,425,NO,NA,Natural,NN
PS16_07766,PS14_01263,PS14_01069,PSTOCK16,7766,14583,14,2016,2016-08-29T00:00:00Z,M,435,NO,NA,Natural,PSTOCK14,1263,1400000825,37,2014,2014-08-30T00:00:00Z,F,435,YES,AFK12B,Hatchery,PSTOCK14,1069,1400002654,32,2014,2014-08-24T00:00:00Z,M,386,NO,NA,Natural,HN
PS16_07880,PS14_00272,PS14_00259,PSTOCK16,7880,14581,32,2016,2016-08-29T00:00:00Z,M,457,NO,NA,Natural,PSTOCK14,272,1400000853,23,2014,2014-09-02T00:00:00Z,M,470,YES,AFK12B,Hatchery,PSTOCK14,259,1400000853,10,2014,2014-09-02T00:00:00Z,F,450,YES,AFK12B,Hatchery,HH
PS16_07896,PS14_00427,PS14_00348,PSTOCK16,7896,14581,48,2016,2016-08-29T00:00:00Z,F,434,NO,NA,Natural,PSTOCK14,427,1400000871,4,2014,2014-09-05T00:00:00Z,F,430,YES,AFK12B,Hatchery,PSTOCK14,348,1400000735,21,2014,2014-08-27T00:00:00Z,M,390,NO,NA,Natural,HN
PS16_07945,PS14_00352,PS14_00240,PSTOCK16,7945,14648,1,2016,2016-09-02T00:00:00Z,M,422,NO,NA,Natural,PSTOCK14,352,1400000735,25,2014,2014-08-27T00:00:00Z,M,410,NO,NA,Natural,PSTOCK14,240,1400000870,39,2014,2014-09-05T00:00:00Z,F,405,NO,NA,Natural,NN
PS16_08026,PS14_01087,PS14_00537,PSTOCK16,8026,15807,34,2016,2016-09-06T00:00:00Z,F,450,NO,NA,Natural,PSTOCK14,1087,1400000732,5,2014,2014-08-26T00:00:00Z,M,410,NO,NA,Natural,PSTOCK14,537,1400000848,18,2014,2014-09-02T00:00:00Z,F,450,YES,AFK12B,Hatchery,HN
PS16_08034,PS14_00164,PS14_00076,PSTOCK16,8034,15807,42,2016,2016-09-06T00:00:00Z,F,471,NO,NA,Natural,PSTOCK14,164,1400000869,11,2014,2014-09-05T00:00:00Z,F,445,YES,AFK12B,Hatchery,PSTOCK14,76,1400000824,28,2014,2014-08-30T00:00:00Z,M,435,NO,NA,Natural,HN
PS16_08083,PS14_01323,PS14_01064,PSTOCK16,8083,14532,43,2016,2016-08-21T00:00:00Z,F,453,NO,NA,Natural,PSTOCK14,1323,1400000718,1,2014,2014-08-19T00:00:00Z,M,470,NO,NA,Natural,PSTOCK14,1064,1400002654,27,2014,2014-08-24T00:00:00Z,F,407,NO,NA,Natural,NN
PS16_08103,PS14_01322,PS14_01047,PSTOCK16,8103,14548,15,2016,2016-08-23T00:00:00Z,M,415,NO,NA,Natural,PSTOCK14,1322,1400000826,48,2014,2014-08-30T00:00:00Z,F,405,NO,NA,Natural,PSTOCK14,1047,1400002654,10,2014,2014-08-24T00:00:00Z,M,417,NO,NA,Natural,NN
PS16_08112,PS14_01325,PS14_01323,PSTOCK16,8112,14548,24,2016,2016-08-23T00:00:00Z,F,435,NO,NA,Natural,PSTOCK14,1325,1400000718,3,2014,2014-08-19T00:00:00Z,F,NA,NO,NA,Natural,PSTOCK14,1323,1400000718,1,2014,2014-08-19T00:00:00Z,M,470,NO,NA,Natural,NN
PS16_08158,PS14_01170,PS14_00234,PSTOCK16,8158,15871,22,2016,2016-09-10T00:00:00Z,F,436,NO,NA,Natural,PSTOCK14,1170,1400000733,40,2014,2014-08-26T00:00:00Z,M,430,YES,AFK12B,Hatchery,PSTOCK14,234,1400000870,33,2014,2014-09-05T00:00:00Z,F,NA,NO,NA,Natural,NH
PS16_08169,PS14_01335,PS14_01072,PSTOCK16,8169,15871,33,2016,2016-09-10T00:00:00Z,M,444,NO,NA,Natural,PSTOCK14,1335,1400000718,13,2014,2014-08-19T00:00:00Z,F,420,NO,NA,Natural,PSTOCK14,1072,1400002654,35,2014,2014-08-24T00:00:00Z,M,384,NO,NA,Natural,NN
PS16_08173,PS14_00353,PS14_00241,PSTOCK16,8173,15871,37,2016,2016-09-10T00:00:00Z,F,459,NO,NA,Natural,PSTOCK14,353,1400000735,26,2014,2014-08-27T00:00:00Z,M,460,NO,NA,Natural,PSTOCK14,241,1400000870,40,2014,2014-09-05T00:00:00Z,F,425,NO,NA,Natural,NN
PS16_08205,PS14_01322,PS14_01047,PSTOCK16,8205,14539,21,2016,2016-08-22T00:00:00Z,M,449,NO,NA,Natural,PSTOCK14,1322,1400000826,48,2014,2014-08-30T00:00:00Z,F,405,NO,NA,Natural,PSTOCK14,1047,1400002654,10,2014,2014-08-24T00:00:00Z,M,417,NO,NA,Natural,NN
PS16_08246,PS14_00799,PS14_00103,PSTOCK16,8246,15810,14,2016,2016-09-06T00:00:00Z,M,410,NO,NA,Natural,PSTOCK14,799,1400000828,40,2014,2014-08-30T00:00:00Z,F,435,YES,AFK12B,Hatchery,PSTOCK14,103,1400000734,7,2014,2014-08-26T00:00:00Z,M,425,YES,AFK12B,Hatchery,HH
PS16_08299,PS14_01339,PS14_01277,PSTOCK16,8299,14619,19,2016,2016-08-31T00:00:00Z,F,430,NO,NA,Natural,PSTOCK14,1339,1400000718,17,2014,2014-08-19T00:00:00Z,M,435,NO,NA,Natural,PSTOCK14,1277,1400000826,3,2014,2014-08-30T00:00:00Z,F,440,NO,NA,Natural,NN
PS16_08528,PS14_01160,PS14_00468,PSTOCK16,8528,15814,40,2016,2016-09-06T00:00:00Z,F,464,NO,NA,Natural,PSTOCK14,1160,1400000733,30,2014,2014-08-26T00:00:00Z,M,405,YES,AFK12B,Hatchery,PSTOCK14,468,1400000871,45,2014,2014-09-05T00:00:00Z,F,450,YES,AFK12B,Hatchery,HH
PS16_08556,PS14_00320,PS14_00311,PSTOCK16,8556,15813,20,2016,2016-09-06T00:00:00Z,M,441,NO,NA,Natural,PSTOCK14,320,1400000723,38,2014,2014-08-21T00:00:00Z,F,425,NO,NA,Natural,PSTOCK14,311,1400000723,29,2014,2014-08-21T00:00:00Z,M,395,YES,AFK12B,Hatchery,NH
PS16_08588,PS14_01322,PS14_01047,PSTOCK16,8588,15806,4,2016,2016-09-06T00:00:00Z,F,446,NO,NA,Natural,PSTOCK14,1322,1400000826,48,2014,2014-08-30T00:00:00Z,F,405,NO,NA,Natural,PSTOCK14,1047,1400002654,10,2014,2014-08-24T00:00:00Z,M,417,NO,NA,Natural,NN
PS16_08617,PS14_01247,PS14_00430,PSTOCK16,8617,15806,33,2016,2016-09-06T00:00:00Z,F,403,NO,NA,Natural,PSTOCK14,1247,1400000825,21,2014,2014-08-30T00:00:00Z,M,465,YES,AFK12B,Hatchery,PSTOCK14,430,1400000871,7,2014,2014-09-05T00:00:00Z,F,NA,NO,NA,Natural,NH
PS16_08655,PS14_01399,PS14_01259,PSTOCK16,8655,14559,23,2016,2016-08-27T00:00:00Z,M,448,NO,NA,Natural,PSTOCK14,1399,1400000736,5,2014,2014-08-27T00:00:00Z,M,410,YES,AFK12B,Hatchery,PSTOCK14,1259,1400000825,33,2014,2014-08-30T00:00:00Z,F,425,NO,NA,Natural,NH
PS16_08667,PS14_00372,PS14_00081,PSTOCK16,8667,14559,35,2016,2016-08-27T00:00:00Z,F,407,NO,NA,Natural,PSTOCK14,372,1400000735,45,2014,2014-08-27T00:00:00Z,M,400,NO,NA,Natural,PSTOCK14,81,1400000824,33,2014,2014-08-30T00:00:00Z,F,455,NO,NA,Natural,NN
PS16_08672,PS14_01396,PS14_01072,PSTOCK16,8672,14559,40,2016,2016-08-27T00:00:00Z,M,408,NO,NA,Natural,PSTOCK14,1396,1400000736,2,2014,2014-08-27T00:00:00Z,F,420,NO,NA,Natural,PSTOCK14,1072,1400002654,35,2014,2014-08-24T00:00:00Z,M,384,NO,NA,Natural,NN
