franz_id,SILLY,Fish ID,DNA Tray Code,DNA Tray Well Code,Sample Year,Sample Date,SEX,Length Mm,Otolith Mark Present,Otolith Mark ID,origin,Sex,date,DOY,n,lineage
PS14_00001,PSTOCK14,1,1400000829,1,2014,2014-08-30,M,460,YES,AFK12B,Hatchery,Male,2014-08-30,242,1,even
PS14_00002,PSTOCK14,2,1400000829,2,2014,2014-08-30,F,425,YES,AFK12B,Hatchery,Female,2014-08-30,242,0,NA
PS14_00003,PSTOCK14,3,1400000829,3,2014,2014-08-30,F,430,NO,NA,Natural,Female,2014-08-30,242,1,even
PS14_00004,PSTOCK14,4,1400000829,4,2014,2014-08-30,M,425,YES,AFK12B,Hatchery,Male,2014-08-30,242,2,even
PS14_00005,PSTOCK14,5,1400000829,5,2014,2014-08-30,F,420,NO,NA,Natural,Female,2014-08-30,242,3,even
PS14_00006,PSTOCK14,6,1400000829,6,2014,2014-08-30,F,425,YES,AFK12B,Hatchery,Female,2014-08-30,242,1,even
PS14_00012,PSTOCK14,12,1400000829,12,2014,2014-08-30,F,420,NO,NA,Natural,Female,2014-08-30,242,0,NA
PS14_00015,PSTOCK14,15,1400000829,15,2014,2014-08-30,F,460,NO,NA,Natural,Female,2014-08-30,242,1,even
PS14_00016,PSTOCK14,16,1400000829,16,2014,2014-08-30,F,410,YES,AFK12B,Hatchery,Female,2014-08-30,242,0,NA
PS14_00017,PSTOCK14,17,1400000829,17,2014,2014-08-30,F,420,NO,NA,Natural,Female,2014-08-30,242,0,NA
PS14_00020,PSTOCK14,20,1400000829,20,2014,2014-08-30,F,425,YES,AFK12B,Hatchery,Female,2014-08-30,242,0,NA
PS14_00021,PSTOCK14,21,1400000829,21,2014,2014-08-30,F,445,NO,NA,Natural,Female,2014-08-30,242,2,even
PS14_00022,PSTOCK14,22,1400000829,22,2014,2014-08-30,F,420,NO,NA,Natural,Female,2014-08-30,242,0,NA
PS14_00025,PSTOCK14,25,1400000829,25,2014,2014-08-30,F,425,NO,NA,Natural,Female,2014-08-30,242,2,even
PS14_00026,PSTOCK14,26,1400000829,26,2014,2014-08-30,F,430,YES,AFK12B,Hatchery,Female,2014-08-30,242,0,NA
PS14_00027,PSTOCK14,27,1400000829,27,2014,2014-08-30,M,425,YES,AFK12B,Hatchery,Male,2014-08-30,242,0,NA
PS14_00028,PSTOCK14,28,1400000829,28,2014,2014-08-30,F,405,NO,NA,Natural,Female,2014-08-30,242,0,NA
PS14_00029,PSTOCK14,29,1400000829,29,2014,2014-08-30,F,430,YES,AFK12B,Hatchery,Female,2014-08-30,242,0,NA
PS14_00031,PSTOCK14,31,1400000829,31,2014,2014-08-30,F,450,YES,AFK12B,Hatchery,Female,2014-08-30,242,1,even
PS14_00032,PSTOCK14,32,1400000829,32,2014,2014-08-30,F,420,YES,AFK12B,Hatchery,Female,2014-08-30,242,3,even
PS14_00033,PSTOCK14,33,1400000829,33,2014,2014-08-30,F,430,YES,AFK12B,Hatchery,Female,2014-08-30,242,1,even
PS14_00036,PSTOCK14,36,1400000829,36,2014,2014-08-30,F,440,YES,WNH12PINKB,Hatchery,Female,2014-08-30,242,0,NA
PS14_00038,PSTOCK14,38,1400000829,38,2014,2014-08-30,F,415,NO,NA,Natural,Female,2014-08-30,242,0,NA
PS14_00040,PSTOCK14,40,1400000829,40,2014,2014-08-30,F,410,NO,NA,Natural,Female,2014-08-30,242,0,NA
PS14_00041,PSTOCK14,41,1400000829,41,2014,2014-08-30,F,410,YES,WNH12PINKB,Hatchery,Female,2014-08-30,242,1,even
PS14_00045,PSTOCK14,45,1400000829,45,2014,2014-08-30,F,430,YES,AFK12B,Hatchery,Female,2014-08-30,242,0,NA
PS14_00046,PSTOCK14,46,1400000829,46,2014,2014-08-30,F,455,YES,AFK12B,Hatchery,Female,2014-08-30,242,0,NA
PS14_00048,PSTOCK14,48,1400000829,48,2014,2014-08-30,F,425,NO,NA,Natural,Female,2014-08-30,242,0,NA
PS14_00054,PSTOCK14,54,1400000824,6,2014,2014-08-30,M,395,YES,AFK12B,Hatchery,Male,2014-08-30,242,1,even
PS14_00057,PSTOCK14,57,1400000824,9,2014,2014-08-30,F,430,NO,NA,Natural,Female,2014-08-30,242,2,even
PS14_00058,PSTOCK14,58,1400000824,10,2014,2014-08-30,F,455,NO,NA,Natural,Female,2014-08-30,242,0,NA
PS14_00059,PSTOCK14,59,1400000824,11,2014,2014-08-30,M,385,YES,AFK12B,Hatchery,Male,2014-08-30,242,0,NA
PS14_00060,PSTOCK14,60,1400000824,12,2014,2014-08-30,M,NA,YES,AFK12B,Hatchery,Male,2014-08-30,242,0,NA
PS14_00061,PSTOCK14,61,1400000824,13,2014,2014-08-30,M,425,YES,AFK12B,Hatchery,Male,2014-08-30,242,0,NA
PS14_00063,PSTOCK14,63,1400000824,15,2014,2014-08-30,M,405,NO,NA,Natural,Male,2014-08-30,242,0,NA
PS14_00065,PSTOCK14,65,1400000824,17,2014,2014-08-30,M,400,YES,AFK12B,Hatchery,Male,2014-08-30,242,0,NA
PS14_00066,PSTOCK14,66,1400000824,18,2014,2014-08-30,F,425,NO,NA,Natural,Female,2014-08-30,242,1,even
PS14_00067,PSTOCK14,67,1400000824,19,2014,2014-08-30,F,420,NO,NA,Natural,Female,2014-08-30,242,5,even
PS14_00068,PSTOCK14,68,1400000824,20,2014,2014-08-30,M,370,NO,NA,Natural,Male,2014-08-30,242,4,even
PS14_00069,PSTOCK14,69,1400000824,21,2014,2014-08-30,F,445,YES,AFK12B,Hatchery,Female,2014-08-30,242,10,even
PS14_00070,PSTOCK14,70,1400000824,22,2014,2014-08-30,F,415,NO,NA,Natural,Female,2014-08-30,242,2,even
PS14_00071,PSTOCK14,71,1400000824,23,2014,2014-08-30,M,390,YES,AFK12B,Hatchery,Male,2014-08-30,242,1,even
PS14_00072,PSTOCK14,72,1400000824,24,2014,2014-08-30,M,425,NO,NA,Natural,Male,2014-08-30,242,3,even
PS14_00073,PSTOCK14,73,1400000824,25,2014,2014-08-30,F,425,YES,AFK12B,Hatchery,Female,2014-08-30,242,2,even
PS14_00074,PSTOCK14,74,1400000824,26,2014,2014-08-30,F,415,NO,NA,Natural,Female,2014-08-30,242,3,even
PS14_00076,PSTOCK14,76,1400000824,28,2014,2014-08-30,M,435,NO,NA,Natural,Male,2014-08-30,242,3,even
PS14_00078,PSTOCK14,78,1400000824,30,2014,2014-08-30,M,435,NO,NA,Natural,Male,2014-08-30,242,0,NA
PS14_00080,PSTOCK14,80,1400000824,32,2014,2014-08-30,M,410,YES,AFK12B,Hatchery,Male,2014-08-30,242,0,NA
PS14_00081,PSTOCK14,81,1400000824,33,2014,2014-08-30,F,455,NO,NA,Natural,Female,2014-08-30,242,5,even
PS14_00085,PSTOCK14,85,1400000824,37,2014,2014-08-30,F,425,NO,NA,Natural,Female,2014-08-30,242,7,even
PS14_00086,PSTOCK14,86,1400000824,38,2014,2014-08-30,F,420,YES,AFK12B,Hatchery,Female,2014-08-30,242,0,NA
PS14_00087,PSTOCK14,87,1400000824,39,2014,2014-08-30,M,395,YES,AFK12B,Hatchery,Male,2014-08-30,242,0,NA
PS14_00088,PSTOCK14,88,1400000824,40,2014,2014-08-30,M,NA,NO,NA,Natural,Male,2014-08-30,242,0,NA
PS14_00089,PSTOCK14,89,1400000824,41,2014,2014-08-30,F,395,NO,NA,Natural,Female,2014-08-30,242,1,even
PS14_00092,PSTOCK14,92,1400000824,44,2014,2014-08-30,F,420,NO,NA,Natural,Female,2014-08-30,242,1,even
PS14_00093,PSTOCK14,93,1400000824,45,2014,2014-08-30,F,430,NO,NA,Natural,Female,2014-08-30,242,6,even
PS14_00095,PSTOCK14,95,1400000824,47,2014,2014-08-30,M,420,YES,AFK12B,Hatchery,Male,2014-08-30,242,0,NA
PS14_00096,PSTOCK14,96,1400000824,48,2014,2014-08-30,M,425,YES,AFK12B,Hatchery,Male,2014-08-30,242,0,NA
PS14_00098,PSTOCK14,98,1400000734,2,2014,2014-08-26,M,400,YES,AFK12B,Hatchery,Male,2014-08-26,238,0,NA
PS14_00099,PSTOCK14,99,1400000734,3,2014,2014-08-26,F,405,NO,NA,Natural,Female,2014-08-26,238,0,NA
PS14_00100,PSTOCK14,100,1400000734,4,2014,2014-08-26,M,400,NO,NA,Natural,Male,2014-08-26,238,0,NA
PS14_00102,PSTOCK14,102,1400000734,6,2014,2014-08-26,M,420,YES,AFK12B,Hatchery,Male,2014-08-26,238,1,even
PS14_00103,PSTOCK14,103,1400000734,7,2014,2014-08-26,M,425,YES,AFK12B,Hatchery,Male,2014-08-26,238,10,even
PS14_00104,PSTOCK14,104,1400000734,8,2014,2014-08-26,F,365,NO,NA,Natural,Female,2014-08-26,238,2,even
PS14_00105,PSTOCK14,105,1400000734,9,2014,2014-08-26,M,460,NO,NA,Natural,Male,2014-08-26,238,1,even
PS14_00106,PSTOCK14,106,1400000868,1,2014,2014-09-05,F,445,NO,NA,Natural,Female,2014-09-05,248,0,NA
PS14_00110,PSTOCK14,110,1400000868,5,2014,2014-09-05,F,415,YES,AFK12B,Hatchery,Female,2014-09-05,248,0,NA
PS14_00111,PSTOCK14,111,1400000868,6,2014,2014-09-05,M,410,YES,AFK12B,Hatchery,Male,2014-09-05,248,0,NA
PS14_00112,PSTOCK14,112,1400000868,7,2014,2014-09-05,F,400,YES,AFK12B,Hatchery,Female,2014-09-05,248,0,NA
PS14_00113,PSTOCK14,113,1400000868,8,2014,2014-09-05,F,395,YES,AFK12B,Hatchery,Female,2014-09-05,248,0,NA
PS14_00114,PSTOCK14,114,1400000868,9,2014,2014-09-05,F,425,YES,AFK12B,Hatchery,Female,2014-09-05,248,0,NA
PS14_00115,PSTOCK14,115,1400000868,10,2014,2014-09-05,M,420,YES,AFK12B,Hatchery,Male,2014-09-05,248,0,NA
PS14_00117,PSTOCK14,117,1400000868,12,2014,2014-09-05,M,445,YES,AFK12B,Hatchery,Male,2014-09-05,248,0,NA
PS14_00122,PSTOCK14,122,1400000868,17,2014,2014-09-05,F,415,YES,AFK12B,Hatchery,Female,2014-09-05,248,1,even
PS14_00123,PSTOCK14,123,1400000868,18,2014,2014-09-05,F,480,YES,AFK12B,Hatchery,Female,2014-09-05,248,0,NA
PS14_00126,PSTOCK14,126,1400000868,21,2014,2014-09-05,F,NA,NO,NA,Natural,Female,2014-09-05,248,0,NA
PS14_00128,PSTOCK14,128,1400000868,23,2014,2014-09-05,M,NA,YES,AFK12B,Hatchery,Male,2014-09-05,248,0,NA
PS14_00129,PSTOCK14,129,1400000868,24,2014,2014-09-05,F,NA,YES,AFK12B,Hatchery,Female,2014-09-05,248,0,NA
PS14_00133,PSTOCK14,133,1400000868,28,2014,2014-09-05,M,NA,NO,NA,Natural,Male,2014-09-05,248,1,even
PS14_00134,PSTOCK14,134,1400000868,29,2014,2014-09-05,F,445,YES,AFK12B,Hatchery,Female,2014-09-05,248,0,NA
PS14_00135,PSTOCK14,135,1400000868,30,2014,2014-09-05,F,420,YES,AFK12B,Hatchery,Female,2014-09-05,248,0,NA
PS14_00136,PSTOCK14,136,1400000868,31,2014,2014-09-05,F,465,YES,AFK12B,Hatchery,Female,2014-09-05,248,0,NA
PS14_00138,PSTOCK14,138,1400000868,33,2014,2014-09-05,F,450,YES,AFK12B,Hatchery,Female,2014-09-05,248,1,even
PS14_00145,PSTOCK14,145,1400000868,40,2014,2014-09-05,M,445,YES,AFK12B,Hatchery,Male,2014-09-05,248,0,NA
PS14_00146,PSTOCK14,146,1400000868,41,2014,2014-09-05,M,435,YES,AFK12B,Hatchery,Male,2014-09-05,248,1,even
PS14_00148,PSTOCK14,148,1400000868,43,2014,2014-09-05,F,440,NO,NA,Natural,Female,2014-09-05,248,0,NA
PS14_00149,PSTOCK14,149,1400000868,44,2014,2014-09-05,F,445,NO,NA,Natural,Female,2014-09-05,248,1,even
PS14_00150,PSTOCK14,150,1400000868,45,2014,2014-09-05,F,420,NO,NA,Natural,Female,2014-09-05,248,1,even
PS14_00156,PSTOCK14,156,1400000869,3,2014,2014-09-05,F,430,NO,NA,Natural,Female,2014-09-05,248,8,even
PS14_00158,PSTOCK14,158,1400000869,5,2014,2014-09-05,M,440,YES,AFK12B,Hatchery,Male,2014-09-05,248,0,NA
PS14_00160,PSTOCK14,160,1400000869,7,2014,2014-09-05,F,460,YES,AFK12B,Hatchery,Female,2014-09-05,248,4,even
PS14_00161,PSTOCK14,161,1400000869,8,2014,2014-09-05,F,455,YES,AFK12B,Hatchery,Female,2014-09-05,248,0,NA
PS14_00162,PSTOCK14,162,1400000869,9,2014,2014-09-05,F,435,YES,AFK12B,Hatchery,Female,2014-09-05,248,0,NA
PS14_00163,PSTOCK14,163,1400000869,10,2014,2014-09-05,F,450,NO,NA,Natural,Female,2014-09-05,248,2,even
PS14_00164,PSTOCK14,164,1400000869,11,2014,2014-09-05,F,445,YES,AFK12B,Hatchery,Female,2014-09-05,248,2,even
PS14_00165,PSTOCK14,165,1400000869,12,2014,2014-09-05,F,440,NO,NA,Natural,Female,2014-09-05,248,3,even
PS14_00169,PSTOCK14,169,1400000869,16,2014,2014-09-05,M,450,YES,AFK12B,Hatchery,Male,2014-09-05,248,0,NA
PS14_00170,PSTOCK14,170,1400000869,17,2014,2014-09-05,F,430,YES,AFK12B,Hatchery,Female,2014-09-05,248,0,NA
PS14_00172,PSTOCK14,172,1400000869,19,2014,2014-09-05,F,NA,NO,NA,Natural,Female,2014-09-05,248,2,even
PS14_00174,PSTOCK14,174,1400000869,21,2014,2014-09-05,F,445,YES,AFK12B,Hatchery,Female,2014-09-05,248,0,NA
PS14_00176,PSTOCK14,176,1400000869,23,2014,2014-09-05,F,435,YES,AFK12B,Hatchery,Female,2014-09-05,248,0,NA
PS14_00179,PSTOCK14,179,1400000869,26,2014,2014-09-05,F,445,NO,NA,Natural,Female,2014-09-05,248,3,even
PS14_00182,PSTOCK14,182,1400000869,29,2014,2014-09-05,F,430,YES,AFK12B,Hatchery,Female,2014-09-05,248,0,NA
PS14_00184,PSTOCK14,184,1400000869,31,2014,2014-09-05,F,NA,YES,AFK12B,Hatchery,Female,2014-09-05,248,1,even
PS14_00185,PSTOCK14,185,1400000869,32,2014,2014-09-05,M,435,YES,AFK12B,Hatchery,Male,2014-09-05,248,1,even
PS14_00186,PSTOCK14,186,1400000869,33,2014,2014-09-05,F,420,NO,NA,Natural,Female,2014-09-05,248,0,NA
PS14_00187,PSTOCK14,187,1400000869,34,2014,2014-09-05,M,410,YES,AFK12B,Hatchery,Male,2014-09-05,248,0,NA
PS14_00189,PSTOCK14,189,1400000869,36,2014,2014-09-05,M,435,YES,AFK12B,Hatchery,Male,2014-09-05,248,0,NA
PS14_00190,PSTOCK14,190,1400000869,37,2014,2014-09-05,F,450,YES,AFK12B,Hatchery,Female,2014-09-05,248,0,NA
PS14_00191,PSTOCK14,191,1400000869,38,2014,2014-09-05,F,440,YES,AFK12B,Hatchery,Female,2014-09-05,248,2,even
PS14_00194,PSTOCK14,194,1400000869,41,2014,2014-09-05,F,415,NO,NA,Natural,Female,2014-09-05,248,0,NA
PS14_00195,PSTOCK14,195,1400000869,42,2014,2014-09-05,F,470,YES,AFK12B,Hatchery,Female,2014-09-05,248,0,NA
PS14_00197,PSTOCK14,197,1400000869,44,2014,2014-09-05,F,425,NO,NA,Natural,Female,2014-09-05,248,0,NA
PS14_00201,PSTOCK14,201,1400000869,48,2014,2014-09-05,F,450,YES,AFK12B,Hatchery,Female,2014-09-05,248,2,even
PS14_00202,PSTOCK14,202,1400000870,1,2014,2014-09-05,F,425,NO,NA,Natural,Female,2014-09-05,248,0,NA
PS14_00203,PSTOCK14,203,1400000870,2,2014,2014-09-05,F,NA,YES,AFK12B,Hatchery,Female,2014-09-05,248,2,even
PS14_00205,PSTOCK14,205,1400000870,4,2014,2014-09-05,F,465,NO,NA,Natural,Female,2014-09-05,248,1,even
PS14_00208,PSTOCK14,208,1400000870,7,2014,2014-09-05,F,455,YES,AFK12B,Hatchery,Female,2014-09-05,248,3,even
PS14_00210,PSTOCK14,210,1400000870,9,2014,2014-09-05,F,425,YES,AFK12B,Hatchery,Female,2014-09-05,248,2,even
PS14_00211,PSTOCK14,211,1400000870,10,2014,2014-09-05,F,440,NO,NA,Natural,Female,2014-09-05,248,4,even
PS14_00214,PSTOCK14,214,1400000870,13,2014,2014-09-05,F,NA,NO,NA,Natural,Female,2014-09-05,248,0,NA
PS14_00220,PSTOCK14,220,1400000870,19,2014,2014-09-05,F,NA,NO,NA,Natural,Female,2014-09-05,248,1,even
PS14_00221,PSTOCK14,221,1400000870,20,2014,2014-09-05,F,445,NO,NA,Natural,Female,2014-09-05,248,1,even
PS14_00222,PSTOCK14,222,1400000870,21,2014,2014-09-05,M,420,YES,AFK12B,Hatchery,Male,2014-09-05,248,0,NA
PS14_00224,PSTOCK14,224,1400000870,23,2014,2014-09-05,F,445,YES,AFK12B,Hatchery,Female,2014-09-05,248,0,NA
PS14_00225,PSTOCK14,225,1400000870,24,2014,2014-09-05,F,445,YES,AFK12B,Hatchery,Female,2014-09-05,248,0,NA
PS14_00226,PSTOCK14,226,1400000870,25,2014,2014-09-05,F,455,NO,NA,Natural,Female,2014-09-05,248,3,even
PS14_00227,PSTOCK14,227,1400000870,26,2014,2014-09-05,F,445,NO,NA,Natural,Female,2014-09-05,248,2,even
PS14_00230,PSTOCK14,230,1400000870,29,2014,2014-09-05,F,445,NO,NA,Natural,Female,2014-09-05,248,1,even
PS14_00231,PSTOCK14,231,1400000870,30,2014,2014-09-05,F,415,NO,NA,Natural,Female,2014-09-05,248,2,even
PS14_00232,PSTOCK14,232,1400000870,31,2014,2014-09-05,M,460,YES,AFK12B,Hatchery,Male,2014-09-05,248,1,even
PS14_00234,PSTOCK14,234,1400000870,33,2014,2014-09-05,F,NA,NO,NA,Natural,Female,2014-09-05,248,2,even
PS14_00236,PSTOCK14,236,1400000870,35,2014,2014-09-05,F,470,NO,NA,Natural,Female,2014-09-05,248,0,NA
PS14_00238,PSTOCK14,238,1400000870,37,2014,2014-09-05,F,445,YES,AFK12B,Hatchery,Female,2014-09-05,248,0,NA
PS14_00240,PSTOCK14,240,1400000870,39,2014,2014-09-05,F,405,NO,NA,Natural,Female,2014-09-05,248,2,even
PS14_00241,PSTOCK14,241,1400000870,40,2014,2014-09-05,F,425,NO,NA,Natural,Female,2014-09-05,248,1,even
PS14_00242,PSTOCK14,242,1400000870,41,2014,2014-09-05,F,435,YES,AFK12B,Hatchery,Female,2014-09-05,248,0,NA
PS14_00243,PSTOCK14,243,1400000870,42,2014,2014-09-05,M,NA,YES,AFK12B,Hatchery,Male,2014-09-05,248,0,NA
PS14_00244,PSTOCK14,244,1400000870,43,2014,2014-09-05,M,NA,YES,AFK12B,Hatchery,Male,2014-09-05,248,0,NA
PS14_00248,PSTOCK14,248,1400000870,47,2014,2014-09-05,M,NA,NO,NA,Natural,Male,2014-09-05,248,1,even
PS14_00249,PSTOCK14,249,1400000870,48,2014,2014-09-05,F,455,NO,NA,Natural,Female,2014-09-05,248,2,even
PS14_00251,PSTOCK14,251,1400000853,2,2014,2014-09-02,M,450,YES,AFK12B,Hatchery,Male,2014-09-02,245,3,even
PS14_00252,PSTOCK14,252,1400000853,3,2014,2014-09-02,M,485,YES,AFK12B,Hatchery,Male,2014-09-02,245,1,even
PS14_00253,PSTOCK14,253,1400000853,4,2014,2014-09-02,M,435,YES,AFK12B,Hatchery,Male,2014-09-02,245,0,NA
PS14_00255,PSTOCK14,255,1400000853,6,2014,2014-09-02,M,500,YES,AFK12B,Hatchery,Male,2014-09-02,245,3,even
PS14_00256,PSTOCK14,256,1400000853,7,2014,2014-09-02,F,435,NO,NA,Natural,Female,2014-09-02,245,3,even
PS14_00257,PSTOCK14,257,1400000853,8,2014,2014-09-02,F,400,NO,NA,Natural,Female,2014-09-02,245,1,even
PS14_00258,PSTOCK14,258,1400000853,9,2014,2014-09-02,F,435,NO,NA,Natural,Female,2014-09-02,245,1,even
PS14_00259,PSTOCK14,259,1400000853,10,2014,2014-09-02,F,450,YES,AFK12B,Hatchery,Female,2014-09-02,245,5,even
PS14_00260,PSTOCK14,260,1400000853,11,2014,2014-09-02,M,425,NO,NA,Natural,Male,2014-09-02,245,2,even
PS14_00262,PSTOCK14,262,1400000853,13,2014,2014-09-02,F,445,NO,NA,Natural,Female,2014-09-02,245,0,NA
PS14_00263,PSTOCK14,263,1400000853,14,2014,2014-09-02,F,405,YES,AFK12B,Hatchery,Female,2014-09-02,245,4,even
PS14_00264,PSTOCK14,264,1400000853,15,2014,2014-09-02,M,465,NO,NA,Natural,Male,2014-09-02,245,8,even
PS14_00268,PSTOCK14,268,1400000853,19,2014,2014-09-02,M,450,YES,AFK12B,Hatchery,Male,2014-09-02,245,0,NA
PS14_00269,PSTOCK14,269,1400000853,20,2014,2014-09-02,F,410,NO,NA,Natural,Female,2014-09-02,245,1,even
PS14_00271,PSTOCK14,271,1400000853,22,2014,2014-09-02,M,NA,YES,AFK12B,Hatchery,Male,2014-09-02,245,4,even
PS14_00272,PSTOCK14,272,1400000853,23,2014,2014-09-02,M,470,YES,AFK12B,Hatchery,Male,2014-09-02,245,3,even
PS14_00273,PSTOCK14,273,1400000853,24,2014,2014-09-02,M,440,YES,AFK12B,Hatchery,Male,2014-09-02,245,0,NA
PS14_00274,PSTOCK14,274,1400000853,25,2014,2014-09-02,M,405,NO,NA,Natural,Male,2014-09-02,245,3,even
PS14_00275,PSTOCK14,275,1400000853,26,2014,2014-09-02,M,425,YES,AFK12B,Hatchery,Male,2014-09-02,245,0,NA
PS14_00276,PSTOCK14,276,1400000853,27,2014,2014-09-02,F,435,NO,NA,Natural,Female,2014-09-02,245,6,even
PS14_00277,PSTOCK14,277,1400000853,28,2014,2014-09-02,F,450,YES,AFK12B,Hatchery,Female,2014-09-02,245,1,even
PS14_00279,PSTOCK14,279,1400000853,30,2014,2014-09-02,F,425,YES,AFK12B,Hatchery,Female,2014-09-02,245,2,even
PS14_00280,PSTOCK14,280,1400000853,31,2014,2014-09-02,F,445,YES,AFK12B,Hatchery,Female,2014-09-02,245,5,even
PS14_00281,PSTOCK14,281,1400000853,32,2014,2014-09-02,M,NA,YES,AFK12B,Hatchery,Male,2014-09-02,245,0,NA
PS14_00286,PSTOCK14,286,1400000723,4,2014,2014-08-21,M,400,YES,AFK12B,Hatchery,Male,2014-08-21,233,0,NA
PS14_00288,PSTOCK14,288,1400000723,6,2014,2014-08-21,F,425,YES,AFK12B,Hatchery,Female,2014-08-21,233,0,NA
PS14_00290,PSTOCK14,290,1400000723,8,2014,2014-08-21,M,440,YES,AFK12B,Hatchery,Male,2014-08-21,233,1,even
PS14_00292,PSTOCK14,292,1400000723,10,2014,2014-08-21,M,445,YES,AFK12B,Hatchery,Male,2014-08-21,233,0,NA
PS14_00299,PSTOCK14,299,1400000723,17,2014,2014-08-21,M,410,YES,AFK12B,Hatchery,Male,2014-08-21,233,2,even
PS14_00301,PSTOCK14,301,1400000723,19,2014,2014-08-21,F,455,YES,AFK12B,Hatchery,Female,2014-08-21,233,4,even
PS14_00302,PSTOCK14,302,1400000723,20,2014,2014-08-21,F,445,YES,AFK12B,Hatchery,Female,2014-08-21,233,0,NA
PS14_00303,PSTOCK14,303,1400000723,21,2014,2014-08-21,F,455,YES,AFK12B,Hatchery,Female,2014-08-21,233,0,NA
PS14_00307,PSTOCK14,307,1400000723,25,2014,2014-08-21,F,445,YES,AFK12B,Hatchery,Female,2014-08-21,233,0,NA
PS14_00308,PSTOCK14,308,1400000723,26,2014,2014-08-21,F,425,YES,AFK12B,Hatchery,Female,2014-08-21,233,0,NA
PS14_00310,PSTOCK14,310,1400000723,28,2014,2014-08-21,M,425,YES,AFK12B,Hatchery,Male,2014-08-21,233,0,NA
PS14_00311,PSTOCK14,311,1400000723,29,2014,2014-08-21,M,395,YES,AFK12B,Hatchery,Male,2014-08-21,233,2,even
PS14_00312,PSTOCK14,312,1400000723,30,2014,2014-08-21,F,NA,NO,NA,Natural,Female,2014-08-21,233,0,NA
PS14_00313,PSTOCK14,313,1400000723,31,2014,2014-08-21,M,430,YES,AFK12B,Hatchery,Male,2014-08-21,233,4,even
PS14_00314,PSTOCK14,314,1400000723,32,2014,2014-08-21,F,445,YES,AFK12B,Hatchery,Female,2014-08-21,233,1,even
PS14_00315,PSTOCK14,315,1400000723,33,2014,2014-08-21,F,420,NO,NA,Natural,Female,2014-08-21,233,5,even
PS14_00316,PSTOCK14,316,1400000723,34,2014,2014-08-21,M,440,NO,NA,Natural,Male,2014-08-21,233,1,even
PS14_00318,PSTOCK14,318,1400000723,36,2014,2014-08-21,F,425,NO,NA,Natural,Female,2014-08-21,233,10,even
PS14_00320,PSTOCK14,320,1400000723,38,2014,2014-08-21,F,425,NO,NA,Natural,Female,2014-08-21,233,10,even
PS14_00321,PSTOCK14,321,1400000723,39,2014,2014-08-21,F,430,NO,NA,Natural,Female,2014-08-21,233,0,NA
PS14_00323,PSTOCK14,323,1400000723,41,2014,2014-08-21,M,435,NO,NA,Natural,Male,2014-08-21,233,0,NA
PS14_00324,PSTOCK14,324,1400000723,42,2014,2014-08-21,M,415,NO,NA,Natural,Male,2014-08-21,233,1,even
PS14_00325,PSTOCK14,325,1400000723,43,2014,2014-08-21,M,425,NO,NA,Natural,Male,2014-08-21,233,3,even
PS14_00326,PSTOCK14,326,1400000723,44,2014,2014-08-21,M,485,NO,NA,Natural,Male,2014-08-21,233,1,even
PS14_00327,PSTOCK14,327,1400000723,45,2014,2014-08-21,F,435,NO,NA,Natural,Female,2014-08-21,233,6,even
PS14_00329,PSTOCK14,329,1400000735,2,2014,2014-08-27,M,360,YES,AFK12B,Hatchery,Male,2014-08-27,239,2,even
PS14_00330,PSTOCK14,330,1400000735,3,2014,2014-08-27,F,380,NO,NA,Natural,Female,2014-08-27,239,2,even
PS14_00331,PSTOCK14,331,1400000735,4,2014,2014-08-27,M,405,YES,AFK12B,Hatchery,Male,2014-08-27,239,0,NA
PS14_00332,PSTOCK14,332,1400000735,5,2014,2014-08-27,M,410,YES,AFK12B,Hatchery,Male,2014-08-27,239,4,even
PS14_00334,PSTOCK14,334,1400000735,7,2014,2014-08-27,M,350,NO,NA,Natural,Male,2014-08-27,239,0,NA
PS14_00337,PSTOCK14,337,1400000735,10,2014,2014-08-27,F,385,NO,NA,Natural,Female,2014-08-27,239,0,NA
PS14_00338,PSTOCK14,338,1400000735,11,2014,2014-08-27,M,410,NO,NA,Natural,Male,2014-08-27,239,1,even
PS14_00339,PSTOCK14,339,1400000735,12,2014,2014-08-27,M,NA,NO,NA,Natural,Male,2014-08-27,239,2,even
PS14_00341,PSTOCK14,341,1400000735,14,2014,2014-08-27,F,NA,NO,NA,Natural,Female,2014-08-27,239,0,NA
PS14_00342,PSTOCK14,342,1400000735,15,2014,2014-08-27,M,355,NO,NA,Natural,Male,2014-08-27,239,0,NA
PS14_00343,PSTOCK14,343,1400000735,16,2014,2014-08-27,M,385,YES,AFK12B,Hatchery,Male,2014-08-27,239,1,even
PS14_00345,PSTOCK14,345,1400000735,18,2014,2014-08-27,M,410,NO,NA,Natural,Male,2014-08-27,239,4,even
PS14_00347,PSTOCK14,347,1400000735,20,2014,2014-08-27,M,410,NO,NA,Natural,Male,2014-08-27,239,1,even
PS14_00348,PSTOCK14,348,1400000735,21,2014,2014-08-27,M,390,NO,NA,Natural,Male,2014-08-27,239,1,even
PS14_00349,PSTOCK14,349,1400000735,22,2014,2014-08-27,M,455,YES,AFK12B,Hatchery,Male,2014-08-27,239,6,even
PS14_00351,PSTOCK14,351,1400000735,24,2014,2014-08-27,M,390,NO,NA,Natural,Male,2014-08-27,239,2,even
PS14_00352,PSTOCK14,352,1400000735,25,2014,2014-08-27,M,410,NO,NA,Natural,Male,2014-08-27,239,3,even
PS14_00353,PSTOCK14,353,1400000735,26,2014,2014-08-27,M,460,NO,NA,Natural,Male,2014-08-27,239,6,even
PS14_00354,PSTOCK14,354,1400000735,27,2014,2014-08-27,M,435,NO,NA,Natural,Male,2014-08-27,239,3,even
PS14_00356,PSTOCK14,356,1400000735,29,2014,2014-08-27,F,425,NO,NA,Natural,Female,2014-08-27,239,4,even
PS14_00362,PSTOCK14,362,1400000735,35,2014,2014-08-27,M,390,NO,NA,Natural,Male,2014-08-27,239,2,even
PS14_00363,PSTOCK14,363,1400000735,36,2014,2014-08-27,F,385,NO,NA,Natural,Female,2014-08-27,239,5,even
PS14_00364,PSTOCK14,364,1400000735,37,2014,2014-08-27,F,425,NO,NA,Natural,Female,2014-08-27,239,7,even
PS14_00366,PSTOCK14,366,1400000735,39,2014,2014-08-27,M,360,NO,NA,Natural,Male,2014-08-27,239,1,even
PS14_00367,PSTOCK14,367,1400000735,40,2014,2014-08-27,F,405,NO,NA,Natural,Female,2014-08-27,239,10,even
PS14_00368,PSTOCK14,368,1400000735,41,2014,2014-08-27,M,390,YES,AFK12B,Hatchery,Male,2014-08-27,239,2,even
PS14_00369,PSTOCK14,369,1400000735,42,2014,2014-08-27,M,405,YES,AFK12B,Hatchery,Male,2014-08-27,239,1,even
PS14_00371,PSTOCK14,371,1400000735,44,2014,2014-08-27,F,420,NO,NA,Natural,Female,2014-08-27,239,1,even
PS14_00372,PSTOCK14,372,1400000735,45,2014,2014-08-27,M,400,NO,NA,Natural,Male,2014-08-27,239,2,even
PS14_00373,PSTOCK14,373,1400000735,46,2014,2014-08-27,M,410,NO,NA,Natural,Male,2014-08-27,239,5,even
PS14_00374,PSTOCK14,374,1400000735,47,2014,2014-08-27,M,390,YES,AFK12B,Hatchery,Male,2014-08-27,239,2,even
PS14_00375,PSTOCK14,375,1400000735,48,2014,2014-08-27,M,390,NO,NA,Natural,Male,2014-08-27,239,4,even
PS14_00376,PSTOCK14,376,1400000998,1,2014,2014-09-09,F,425,YES,AFK12B,Hatchery,Female,2014-09-09,252,0,NA
PS14_00390,PSTOCK14,390,1400000998,15,2014,2014-09-09,F,NA,YES,AFK12B,Hatchery,Female,2014-09-09,252,1,even
PS14_00397,PSTOCK14,397,1400000998,22,2014,2014-09-09,F,NA,YES,AFK12B,Hatchery,Female,2014-09-09,252,0,NA
PS14_00412,PSTOCK14,412,1400000998,37,2014,2014-09-09,F,450,YES,AFK12B,Hatchery,Female,2014-09-09,252,0,NA
PS14_00413,PSTOCK14,413,1400000998,38,2014,2014-09-09,F,NA,YES,AFK12B,Hatchery,Female,2014-09-09,252,1,even
PS14_00427,PSTOCK14,427,1400000871,4,2014,2014-09-05,F,430,YES,AFK12B,Hatchery,Female,2014-09-05,248,1,even
PS14_00430,PSTOCK14,430,1400000871,7,2014,2014-09-05,F,NA,NO,NA,Natural,Female,2014-09-05,248,6,even
PS14_00431,PSTOCK14,431,1400000871,8,2014,2014-09-05,M,465,YES,AFK12B,Hatchery,Male,2014-09-05,248,0,NA
PS14_00432,PSTOCK14,432,1400000871,9,2014,2014-09-05,M,445,YES,AFK12B,Hatchery,Male,2014-09-05,248,0,NA
PS14_00433,PSTOCK14,433,1400000871,10,2014,2014-09-05,F,NA,YES,CCH12,Hatchery,Female,2014-09-05,248,1,even
PS14_00434,PSTOCK14,434,1400000871,11,2014,2014-09-05,F,NA,YES,AFK12B,Hatchery,Female,2014-09-05,248,0,NA
PS14_00436,PSTOCK14,436,1400000871,13,2014,2014-09-05,F,420,YES,AFK12B,Hatchery,Female,2014-09-05,248,0,NA
PS14_00438,PSTOCK14,438,1400000871,15,2014,2014-09-05,F,455,NO,NA,Natural,Female,2014-09-05,248,0,NA
PS14_00440,PSTOCK14,440,1400000871,17,2014,2014-09-05,F,430,NO,NA,Natural,Female,2014-09-05,248,6,even
PS14_00443,PSTOCK14,443,1400000871,20,2014,2014-09-05,F,465,NO,NA,Natural,Female,2014-09-05,248,5,even
PS14_00444,PSTOCK14,444,1400000871,21,2014,2014-09-05,F,400,NO,NA,Natural,Female,2014-09-05,248,1,even
PS14_00447,PSTOCK14,447,1400000871,24,2014,2014-09-05,F,415,NO,NA,Natural,Female,2014-09-05,248,0,NA
PS14_00450,PSTOCK14,450,1400000871,27,2014,2014-09-05,F,NA,YES,AFK12B,Hatchery,Female,2014-09-05,248,0,NA
PS14_00451,PSTOCK14,451,1400000871,28,2014,2014-09-05,M,425,YES,AFK12B,Hatchery,Male,2014-09-05,248,0,NA
PS14_00452,PSTOCK14,452,1400000871,29,2014,2014-09-05,F,NA,YES,AFK12B,Hatchery,Female,2014-09-05,248,3,even
PS14_00455,PSTOCK14,455,1400000871,32,2014,2014-09-05,F,NA,YES,AFK12B,Hatchery,Female,2014-09-05,248,1,even
PS14_00456,PSTOCK14,456,1400000871,33,2014,2014-09-05,F,425,YES,AFK12B,Hatchery,Female,2014-09-05,248,0,NA
PS14_00458,PSTOCK14,458,1400000871,35,2014,2014-09-05,F,445,NO,NA,Natural,Female,2014-09-05,248,4,even
PS14_00459,PSTOCK14,459,1400000871,36,2014,2014-09-05,M,470,NO,NA,Natural,Male,2014-09-05,248,0,NA
PS14_00463,PSTOCK14,463,1400000871,40,2014,2014-09-05,F,445,YES,AFK12B,Hatchery,Female,2014-09-05,248,0,NA
PS14_00464,PSTOCK14,464,1400000871,41,2014,2014-09-05,M,450,YES,AFK12B,Hatchery,Male,2014-09-05,248,0,NA
PS14_00465,PSTOCK14,465,1400000871,42,2014,2014-09-05,M,445,NO,NA,Natural,Male,2014-09-05,248,4,even
PS14_00468,PSTOCK14,468,1400000871,45,2014,2014-09-05,F,450,YES,AFK12B,Hatchery,Female,2014-09-05,248,2,even
PS14_00470,PSTOCK14,470,1400000871,47,2014,2014-09-05,F,430,NO,NA,Natural,Female,2014-09-05,248,0,NA
PS14_00471,PSTOCK14,471,1400000871,48,2014,2014-09-05,F,NA,NO,NA,Natural,Female,2014-09-05,248,0,NA
PS14_00472,PSTOCK14,472,1400000847,1,2014,2014-09-02,M,480,YES,AFK12B,Hatchery,Male,2014-09-02,245,1,even
PS14_00478,PSTOCK14,478,1400000847,7,2014,2014-09-02,F,425,NO,NA,Natural,Female,2014-09-02,245,5,even
PS14_00479,PSTOCK14,479,1400000847,8,2014,2014-09-02,F,425,YES,AFK12B,Hatchery,Female,2014-09-02,245,0,NA
PS14_00480,PSTOCK14,480,1400000847,9,2014,2014-09-02,M,425,NO,NA,Natural,Male,2014-09-02,245,2,even
PS14_00486,PSTOCK14,486,1400000847,15,2014,2014-09-02,M,435,YES,CCH12,Hatchery,Male,2014-09-02,245,0,NA
PS14_00488,PSTOCK14,488,1400000847,17,2014,2014-09-02,M,415,NO,NA,Natural,Male,2014-09-02,245,0,NA
PS14_00489,PSTOCK14,489,1400000847,18,2014,2014-09-02,F,425,YES,AFK12B,Hatchery,Female,2014-09-02,245,2,even
PS14_00493,PSTOCK14,493,1400000847,22,2014,2014-09-02,F,455,YES,AFK12B,Hatchery,Female,2014-09-02,245,0,NA
PS14_00494,PSTOCK14,494,1400000847,23,2014,2014-09-02,M,480,YES,AFK12B,Hatchery,Male,2014-09-02,245,1,even
PS14_00496,PSTOCK14,496,1400000847,25,2014,2014-09-02,F,450,YES,AFK12B,Hatchery,Female,2014-09-02,245,2,even
PS14_00497,PSTOCK14,497,1400000847,26,2014,2014-09-02,M,410,YES,AFK12B,Hatchery,Male,2014-09-02,245,0,NA
PS14_00500,PSTOCK14,500,1400000847,29,2014,2014-09-02,M,415,YES,AFK12B,Hatchery,Male,2014-09-02,245,0,NA
PS14_00501,PSTOCK14,501,1400000847,30,2014,2014-09-02,F,440,NO,NA,Natural,Female,2014-09-02,245,0,NA
PS14_00502,PSTOCK14,502,1400000847,31,2014,2014-09-02,F,405,NO,NA,Natural,Female,2014-09-02,245,0,NA
PS14_00506,PSTOCK14,506,1400000847,35,2014,2014-09-02,F,415,NO,NA,Natural,Female,2014-09-02,245,2,even
PS14_00509,PSTOCK14,509,1400000847,38,2014,2014-09-02,M,430,YES,AFK12B,Hatchery,Male,2014-09-02,245,0,NA
PS14_00512,PSTOCK14,512,1400000847,41,2014,2014-09-02,F,445,YES,AFK12B,Hatchery,Female,2014-09-02,245,0,NA
PS14_00514,PSTOCK14,514,1400000847,43,2014,2014-09-02,F,430,YES,AFK12B,Hatchery,Female,2014-09-02,245,1,even
PS14_00517,PSTOCK14,517,1400000847,46,2014,2014-09-02,M,485,YES,AFK12B,Hatchery,Male,2014-09-02,245,1,even
PS14_00519,PSTOCK14,519,1400000847,48,2014,2014-09-02,M,450,YES,AFK12B,Hatchery,Male,2014-09-02,245,0,NA
PS14_00520,PSTOCK14,520,1400000848,1,2014,2014-09-02,F,445,YES,AFK12B,Hatchery,Female,2014-09-02,245,0,NA
PS14_00523,PSTOCK14,523,1400000848,4,2014,2014-09-02,F,410,NO,NA,Natural,Female,2014-09-02,245,2,even
PS14_00524,PSTOCK14,524,1400000848,5,2014,2014-09-02,F,415,NO,NA,Natural,Female,2014-09-02,245,0,NA
PS14_00525,PSTOCK14,525,1400000848,6,2014,2014-09-02,M,395,YES,AFK12B,Hatchery,Male,2014-09-02,245,0,NA
PS14_00526,PSTOCK14,526,1400000848,7,2014,2014-09-02,F,410,YES,AFK12B,Hatchery,Female,2014-09-02,245,1,even
PS14_00527,PSTOCK14,527,1400000848,8,2014,2014-09-02,F,430,YES,AFK12B,Hatchery,Female,2014-09-02,245,2,even
PS14_00530,PSTOCK14,530,1400000848,11,2014,2014-09-02,F,450,NO,NA,Natural,Female,2014-09-02,245,1,even
PS14_00531,PSTOCK14,531,1400000848,12,2014,2014-09-02,M,410,YES,AFK12B,Hatchery,Male,2014-09-02,245,0,NA
PS14_00532,PSTOCK14,532,1400000848,13,2014,2014-09-02,M,480,YES,AFK12B,Hatchery,Male,2014-09-02,245,0,NA
PS14_00536,PSTOCK14,536,1400000848,17,2014,2014-09-02,M,440,YES,AFK12B,Hatchery,Male,2014-09-02,245,2,even
PS14_00537,PSTOCK14,537,1400000848,18,2014,2014-09-02,F,450,YES,AFK12B,Hatchery,Female,2014-09-02,245,2,even
PS14_00538,PSTOCK14,538,1400000848,19,2014,2014-09-02,M,455,YES,AFK12B,Hatchery,Male,2014-09-02,245,0,NA
PS14_00542,PSTOCK14,542,1400000848,23,2014,2014-09-02,F,440,YES,AFK12B,Hatchery,Female,2014-09-02,245,0,NA
PS14_00543,PSTOCK14,543,1400000848,24,2014,2014-09-02,F,425,NO,NA,Natural,Female,2014-09-02,245,0,NA
PS14_00546,PSTOCK14,546,1400000848,27,2014,2014-09-02,M,435,NO,NA,Natural,Male,2014-09-02,245,1,even
PS14_00547,PSTOCK14,547,1400000848,28,2014,2014-09-02,M,395,YES,AFK12B,Hatchery,Male,2014-09-02,245,0,NA
PS14_00548,PSTOCK14,548,1400000848,29,2014,2014-09-02,F,450,YES,AFK12B,Hatchery,Female,2014-09-02,245,1,even
PS14_00549,PSTOCK14,549,1400000848,30,2014,2014-09-02,F,425,YES,AFK12B,Hatchery,Female,2014-09-02,245,0,NA
PS14_00550,PSTOCK14,550,1400000848,31,2014,2014-09-02,F,435,NO,NA,Natural,Female,2014-09-02,245,0,NA
PS14_00553,PSTOCK14,553,1400000848,34,2014,2014-09-02,F,390,NO,NA,Natural,Female,2014-09-02,245,0,NA
PS14_00558,PSTOCK14,558,1400000848,39,2014,2014-09-02,F,435,YES,AFK12B,Hatchery,Female,2014-09-02,245,0,NA
PS14_00559,PSTOCK14,559,1400000848,40,2014,2014-09-02,F,425,NO,NA,Natural,Female,2014-09-02,245,0,NA
PS14_00560,PSTOCK14,560,1400000848,41,2014,2014-09-02,F,395,YES,AFK12B,Hatchery,Female,2014-09-02,245,0,NA
PS14_00562,PSTOCK14,562,1400000848,43,2014,2014-09-02,M,445,YES,AFK12B,Hatchery,Male,2014-09-02,245,0,NA
PS14_00564,PSTOCK14,564,1400000848,45,2014,2014-09-02,F,415,YES,AFK12B,Hatchery,Female,2014-09-02,245,0,NA
PS14_00565,PSTOCK14,565,1400000848,46,2014,2014-09-02,F,430,YES,AFK12B,Hatchery,Female,2014-09-02,245,1,even
PS14_00568,PSTOCK14,568,1400000849,1,2014,2014-09-02,M,475,YES,AFK12B,Hatchery,Male,2014-09-02,245,3,even
PS14_00569,PSTOCK14,569,1400000849,2,2014,2014-09-02,M,NA,NO,NA,Natural,Male,2014-09-02,245,2,even
PS14_00570,PSTOCK14,570,1400000849,3,2014,2014-09-02,M,NA,YES,AFK12B,Hatchery,Male,2014-09-02,245,0,NA
PS14_00572,PSTOCK14,572,1400000849,5,2014,2014-09-02,M,415,YES,AFK12B,Hatchery,Male,2014-09-02,245,0,NA
PS14_00573,PSTOCK14,573,1400000849,6,2014,2014-09-02,M,NA,YES,AFK12B,Hatchery,Male,2014-09-02,245,0,NA
PS14_00575,PSTOCK14,575,1400000849,8,2014,2014-09-02,F,425,YES,AFK12B,Hatchery,Female,2014-09-02,245,2,even
PS14_00579,PSTOCK14,579,1400000849,12,2014,2014-09-02,F,NA,YES,AFK12B,Hatchery,Female,2014-09-02,245,3,even
PS14_00580,PSTOCK14,580,1400000849,13,2014,2014-09-02,F,455,YES,AFK12B,Hatchery,Female,2014-09-02,245,0,NA
PS14_00581,PSTOCK14,581,1400000849,14,2014,2014-09-02,M,NA,YES,AFK12B,Hatchery,Male,2014-09-02,245,0,NA
PS14_00586,PSTOCK14,586,1400000849,19,2014,2014-09-02,F,435,YES,AFK12B,Hatchery,Female,2014-09-02,245,2,even
PS14_00588,PSTOCK14,588,1400000849,21,2014,2014-09-02,M,NA,YES,AFK12B,Hatchery,Male,2014-09-02,245,0,NA
PS14_00589,PSTOCK14,589,1400000849,22,2014,2014-09-02,M,475,YES,AFK12B,Hatchery,Male,2014-09-02,245,0,NA
PS14_00590,PSTOCK14,590,1400000849,23,2014,2014-09-02,F,415,NO,NA,Natural,Female,2014-09-02,245,3,even
PS14_00591,PSTOCK14,591,1400000849,24,2014,2014-09-02,M,420,YES,AFK12B,Hatchery,Male,2014-09-02,245,1,even
PS14_00593,PSTOCK14,593,1400000849,26,2014,2014-09-02,F,435,YES,AFK12B,Hatchery,Female,2014-09-02,245,0,NA
PS14_00595,PSTOCK14,595,1400000849,28,2014,2014-09-02,M,440,YES,AFK12B,Hatchery,Male,2014-09-02,245,1,even
PS14_00596,PSTOCK14,596,1400000849,29,2014,2014-09-02,M,400,YES,AFK12B,Hatchery,Male,2014-09-02,245,0,NA
PS14_00598,PSTOCK14,598,1400000849,31,2014,2014-09-02,M,460,YES,AFK12B,Hatchery,Male,2014-09-02,245,0,NA
PS14_00599,PSTOCK14,599,1400000849,32,2014,2014-09-02,F,430,YES,AFK12B,Hatchery,Female,2014-09-02,245,0,NA
PS14_00600,PSTOCK14,600,1400000849,33,2014,2014-09-02,F,445,YES,CCH12,Hatchery,Female,2014-09-02,245,0,NA
PS14_00603,PSTOCK14,603,1400000849,36,2014,2014-09-02,M,460,YES,AFK12B,Hatchery,Male,2014-09-02,245,0,NA
PS14_00609,PSTOCK14,609,1400000849,42,2014,2014-09-02,F,425,YES,AFK12B,Hatchery,Female,2014-09-02,245,0,NA
PS14_00612,PSTOCK14,612,1400000849,45,2014,2014-09-02,M,475,YES,AFK12B,Hatchery,Male,2014-09-02,245,3,even
PS14_00614,PSTOCK14,614,1400000849,47,2014,2014-09-02,F,430,YES,AFK12B,Hatchery,Female,2014-09-02,245,0,NA
PS14_00620,PSTOCK14,620,1400000850,5,2014,2014-09-02,F,425,YES,AFK12B,Hatchery,Female,2014-09-02,245,0,NA
PS14_00621,PSTOCK14,621,1400000850,6,2014,2014-09-02,F,440,YES,AFK12B,Hatchery,Female,2014-09-02,245,0,NA
PS14_00623,PSTOCK14,623,1400000850,8,2014,2014-09-02,F,400,NO,NA,Natural,Female,2014-09-02,245,3,even
PS14_00624,PSTOCK14,624,1400000850,9,2014,2014-09-02,M,430,YES,AFK12B,Hatchery,Male,2014-09-02,245,0,NA
PS14_00625,PSTOCK14,625,1400000850,10,2014,2014-09-02,F,445,YES,AFK12B,Hatchery,Female,2014-09-02,245,0,NA
PS14_00627,PSTOCK14,627,1400000850,12,2014,2014-09-02,M,430,NO,NA,Natural,Male,2014-09-02,245,0,NA
PS14_00632,PSTOCK14,632,1400000850,17,2014,2014-09-02,F,425,YES,AFK12B,Hatchery,Female,2014-09-02,245,0,NA
PS14_00633,PSTOCK14,633,1400000850,18,2014,2014-09-02,M,460,YES,AFK12B,Hatchery,Male,2014-09-02,245,0,NA
PS14_00635,PSTOCK14,635,1400000850,20,2014,2014-09-02,F,NA,YES,AFK12B,Hatchery,Female,2014-09-02,245,0,NA
PS14_00640,PSTOCK14,640,1400000850,25,2014,2014-09-02,F,475,YES,AFK12B,Hatchery,Female,2014-09-02,245,1,even
PS14_00641,PSTOCK14,641,1400000850,26,2014,2014-09-02,F,440,YES,AFK12B,Hatchery,Female,2014-09-02,245,0,NA
PS14_00644,PSTOCK14,644,1400000850,29,2014,2014-09-02,F,405,NO,NA,Natural,Female,2014-09-02,245,0,NA
PS14_00645,PSTOCK14,645,1400000850,30,2014,2014-09-02,F,445,YES,AFK12B,Hatchery,Female,2014-09-02,245,0,NA
PS14_00647,PSTOCK14,647,1400000850,32,2014,2014-09-02,F,430,NO,NA,Natural,Female,2014-09-02,245,0,NA
PS14_00649,PSTOCK14,649,1400000850,34,2014,2014-09-02,M,450,YES,AFK12B,Hatchery,Male,2014-09-02,245,0,NA
PS14_00653,PSTOCK14,653,1400000850,38,2014,2014-09-02,F,445,YES,AFK12B,Hatchery,Female,2014-09-02,245,3,even
PS14_00654,PSTOCK14,654,1400000850,39,2014,2014-09-02,F,435,YES,AFK12B,Hatchery,Female,2014-09-02,245,0,NA
PS14_00656,PSTOCK14,656,1400000850,41,2014,2014-09-02,F,470,NO,NA,Natural,Female,2014-09-02,245,0,NA
PS14_00659,PSTOCK14,659,1400000850,44,2014,2014-09-02,F,445,YES,AFK12B,Hatchery,Female,2014-09-02,245,0,NA
PS14_00660,PSTOCK14,660,1400000850,45,2014,2014-09-02,M,475,YES,AFK12B,Hatchery,Male,2014-09-02,245,3,even
PS14_00661,PSTOCK14,661,1400000850,46,2014,2014-09-02,M,385,NO,NA,Natural,Male,2014-09-02,245,1,even
PS14_00662,PSTOCK14,662,1400000850,47,2014,2014-09-02,F,435,YES,AFK12B,Hatchery,Female,2014-09-02,245,0,NA
PS14_00663,PSTOCK14,663,1400000850,48,2014,2014-09-02,F,435,NO,NA,Natural,Female,2014-09-02,245,0,NA
PS14_00665,PSTOCK14,665,1400000851,2,2014,2014-09-02,M,NA,YES,AFK12B,Hatchery,Male,2014-09-02,245,1,even
PS14_00667,PSTOCK14,667,1400000851,4,2014,2014-09-02,F,440,NO,NA,Natural,Female,2014-09-02,245,0,NA
PS14_00668,PSTOCK14,668,1400000851,5,2014,2014-09-02,F,440,YES,AFK12B,Hatchery,Female,2014-09-02,245,1,even
PS14_00669,PSTOCK14,669,1400000851,6,2014,2014-09-02,M,460,YES,AFK12B,Hatchery,Male,2014-09-02,245,2,even
PS14_00671,PSTOCK14,671,1400000851,8,2014,2014-09-02,F,415,YES,AFK12B,Hatchery,Female,2014-09-02,245,0,NA
PS14_00672,PSTOCK14,672,1400000851,9,2014,2014-09-02,M,460,YES,AFK12B,Hatchery,Male,2014-09-02,245,0,NA
PS14_00674,PSTOCK14,674,1400000851,11,2014,2014-09-02,M,480,NO,NA,Natural,Male,2014-09-02,245,3,even
PS14_00676,PSTOCK14,676,1400000851,13,2014,2014-09-02,F,425,YES,AFK12B,Hatchery,Female,2014-09-02,245,0,NA
PS14_00680,PSTOCK14,680,1400000851,17,2014,2014-09-02,F,465,YES,AFK12B,Hatchery,Female,2014-09-02,245,0,NA
PS14_00683,PSTOCK14,683,1400000851,20,2014,2014-09-02,F,450,NO,NA,Natural,Female,2014-09-02,245,0,NA
PS14_00684,PSTOCK14,684,1400000851,21,2014,2014-09-02,F,415,YES,AFK12B,Hatchery,Female,2014-09-02,245,0,NA
PS14_00685,PSTOCK14,685,1400000851,22,2014,2014-09-02,F,455,YES,AFK12B,Hatchery,Female,2014-09-02,245,1,even
PS14_00689,PSTOCK14,689,1400000851,26,2014,2014-09-02,F,NA,NO,NA,Natural,Female,2014-09-02,245,0,NA
PS14_00692,PSTOCK14,692,1400000851,29,2014,2014-09-02,M,450,YES,AFK12B,Hatchery,Male,2014-09-02,245,0,NA
PS14_00693,PSTOCK14,693,1400000851,30,2014,2014-09-02,M,445,NO,NA,Natural,Male,2014-09-02,245,3,even
PS14_00694,PSTOCK14,694,1400000851,31,2014,2014-09-02,M,505,NO,NA,Natural,Male,2014-09-02,245,0,NA
PS14_00696,PSTOCK14,696,1400000851,33,2014,2014-09-02,M,450,YES,AFK12B,Hatchery,Male,2014-09-02,245,0,NA
PS14_00698,PSTOCK14,698,1400000851,35,2014,2014-09-02,F,450,YES,AFK12B,Hatchery,Female,2014-09-02,245,0,NA
PS14_00699,PSTOCK14,699,1400000851,36,2014,2014-09-02,F,470,YES,AFK12B,Hatchery,Female,2014-09-02,245,0,NA
PS14_00700,PSTOCK14,700,1400000851,37,2014,2014-09-02,M,435,YES,AFK12B,Hatchery,Male,2014-09-02,245,0,NA
PS14_00703,PSTOCK14,703,1400000851,40,2014,2014-09-02,M,420,YES,AFK12B,Hatchery,Male,2014-09-02,245,0,NA
PS14_00704,PSTOCK14,704,1400000851,41,2014,2014-09-02,F,425,NO,NA,Natural,Female,2014-09-02,245,0,NA
PS14_00706,PSTOCK14,706,1400000851,43,2014,2014-09-02,M,420,NO,NA,Natural,Male,2014-09-02,245,0,NA
PS14_00710,PSTOCK14,710,1400000851,47,2014,2014-09-02,F,460,YES,AFK12B,Hatchery,Female,2014-09-02,245,0,NA
PS14_00711,PSTOCK14,711,1400000851,48,2014,2014-09-02,F,455,YES,AFK12B,Hatchery,Female,2014-09-02,245,1,even
PS14_00714,PSTOCK14,714,1400000852,3,2014,2014-09-02,F,460,YES,AFK12B,Hatchery,Female,2014-09-02,245,1,even
PS14_00717,PSTOCK14,717,1400000852,6,2014,2014-09-02,F,435,YES,AFK12B,Hatchery,Female,2014-09-02,245,0,NA
PS14_00718,PSTOCK14,718,1400000852,7,2014,2014-09-02,M,450,YES,AFK12B,Hatchery,Male,2014-09-02,245,0,NA
PS14_00720,PSTOCK14,720,1400000852,9,2014,2014-09-02,F,410,NO,NA,Natural,Female,2014-09-02,245,0,NA
PS14_00724,PSTOCK14,724,1400000852,13,2014,2014-09-02,F,455,NO,NA,Natural,Female,2014-09-02,245,0,NA
PS14_00726,PSTOCK14,726,1400000852,15,2014,2014-09-02,F,405,NO,NA,Natural,Female,2014-09-02,245,0,NA
PS14_00728,PSTOCK14,728,1400000852,17,2014,2014-09-02,F,440,YES,AFK12B,Hatchery,Female,2014-09-02,245,0,NA
PS14_00729,PSTOCK14,729,1400000852,18,2014,2014-09-02,F,450,NO,NA,Natural,Female,2014-09-02,245,0,NA
PS14_00730,PSTOCK14,730,1400000852,19,2014,2014-09-02,F,410,NO,NA,Natural,Female,2014-09-02,245,1,even
PS14_00732,PSTOCK14,732,1400000852,21,2014,2014-09-02,F,485,YES,AFK12B,Hatchery,Female,2014-09-02,245,2,even
PS14_00733,PSTOCK14,733,1400000852,22,2014,2014-09-02,M,440,YES,AFK12B,Hatchery,Male,2014-09-02,245,0,NA
PS14_00734,PSTOCK14,734,1400000852,23,2014,2014-09-02,M,NA,YES,AFK12B,Hatchery,Male,2014-09-02,245,1,even
PS14_00736,PSTOCK14,736,1400000852,25,2014,2014-09-02,F,460,YES,AFK12B,Hatchery,Female,2014-09-02,245,2,even
PS14_00739,PSTOCK14,739,1400000852,28,2014,2014-09-02,F,395,NO,NA,Natural,Female,2014-09-02,245,2,even
PS14_00740,PSTOCK14,740,1400000852,29,2014,2014-09-02,F,410,NO,NA,Natural,Female,2014-09-02,245,0,NA
PS14_00745,PSTOCK14,745,1400000852,34,2014,2014-09-02,M,450,YES,AFK12B,Hatchery,Male,2014-09-02,245,1,even
PS14_00749,PSTOCK14,749,1400000852,38,2014,2014-09-02,M,485,YES,AFK12B,Hatchery,Male,2014-09-02,245,1,even
PS14_00750,PSTOCK14,750,1400000852,39,2014,2014-09-02,M,405,YES,AFK12B,Hatchery,Male,2014-09-02,245,0,NA
PS14_00752,PSTOCK14,752,1400000852,41,2014,2014-09-02,M,465,YES,AFK12B,Hatchery,Male,2014-09-02,245,0,NA
PS14_00754,PSTOCK14,754,1400000852,43,2014,2014-09-02,F,440,YES,AFK12B,Hatchery,Female,2014-09-02,245,0,NA
PS14_00755,PSTOCK14,755,1400000852,44,2014,2014-09-02,F,425,NO,NA,Natural,Female,2014-09-02,245,0,NA
PS14_00756,PSTOCK14,756,1400000852,45,2014,2014-09-02,F,410,YES,AFK12B,Hatchery,Female,2014-09-02,245,0,NA
PS14_00758,PSTOCK14,758,1400000852,47,2014,2014-09-02,F,425,YES,AFK12B,Hatchery,Female,2014-09-02,245,0,NA
PS14_00759,PSTOCK14,759,1400000852,48,2014,2014-09-02,F,445,YES,AFK12B,Hatchery,Female,2014-09-02,245,0,NA
PS14_00760,PSTOCK14,760,1400000828,1,2014,2014-08-30,M,415,NO,NA,Natural,Male,2014-08-30,242,3,even
PS14_00761,PSTOCK14,761,1400000828,2,2014,2014-08-30,F,410,NO,NA,Natural,Female,2014-08-30,242,0,NA
PS14_00762,PSTOCK14,762,1400000828,3,2014,2014-08-30,F,415,NO,NA,Natural,Female,2014-08-30,242,3,even
PS14_00763,PSTOCK14,763,1400000828,4,2014,2014-08-30,M,435,YES,AFK12B,Hatchery,Male,2014-08-30,242,1,even
PS14_00765,PSTOCK14,765,1400000828,6,2014,2014-08-30,M,450,YES,AFK12B,Hatchery,Male,2014-08-30,242,1,even
PS14_00767,PSTOCK14,767,1400000828,8,2014,2014-08-30,F,390,NO,NA,Natural,Female,2014-08-30,242,2,even
PS14_00768,PSTOCK14,768,1400000828,9,2014,2014-08-30,F,425,NO,NA,Natural,Female,2014-08-30,242,3,even
PS14_00769,PSTOCK14,769,1400000828,10,2014,2014-08-30,M,375,YES,AFK12B,Hatchery,Male,2014-08-30,242,0,NA
PS14_00770,PSTOCK14,770,1400000828,11,2014,2014-08-30,F,405,NO,NA,Natural,Female,2014-08-30,242,1,even
PS14_00771,PSTOCK14,771,1400000828,12,2014,2014-08-30,F,410,NO,NA,Natural,Female,2014-08-30,242,2,even
PS14_00772,PSTOCK14,772,1400000828,13,2014,2014-08-30,F,410,YES,AFK12B,Hatchery,Female,2014-08-30,242,3,even
PS14_00773,PSTOCK14,773,1400000828,14,2014,2014-08-30,M,450,YES,AFK12B,Hatchery,Male,2014-08-30,242,4,even
PS14_00775,PSTOCK14,775,1400000828,16,2014,2014-08-30,M,405,NO,NA,Natural,Male,2014-08-30,242,0,NA
PS14_00776,PSTOCK14,776,1400000828,17,2014,2014-08-30,F,NA,YES,AFK12B,Hatchery,Female,2014-08-30,242,0,NA
PS14_00778,PSTOCK14,778,1400000828,19,2014,2014-08-30,F,430,YES,AFK12B,Hatchery,Female,2014-08-30,242,0,NA
PS14_00779,PSTOCK14,779,1400000828,20,2014,2014-08-30,F,435,YES,AFK12B,Hatchery,Female,2014-08-30,242,0,NA
PS14_00781,PSTOCK14,781,1400000828,22,2014,2014-08-30,F,450,YES,AFK12B,Hatchery,Female,2014-08-30,242,0,NA
PS14_00782,PSTOCK14,782,1400000828,23,2014,2014-08-30,F,445,NO,NA,Natural,Female,2014-08-30,242,0,NA
PS14_00783,PSTOCK14,783,1400000828,24,2014,2014-08-30,F,435,YES,AFK12B,Hatchery,Female,2014-08-30,242,0,NA
PS14_00785,PSTOCK14,785,1400000828,26,2014,2014-08-30,M,435,YES,AFK12B,Hatchery,Male,2014-08-30,242,2,even
PS14_00786,PSTOCK14,786,1400000828,27,2014,2014-08-30,F,440,YES,AFK12B,Hatchery,Female,2014-08-30,242,0,NA
PS14_00790,PSTOCK14,790,1400000828,31,2014,2014-08-30,F,435,YES,AFK12B,Hatchery,Female,2014-08-30,242,1,even
PS14_00791,PSTOCK14,791,1400000828,32,2014,2014-08-30,F,450,NO,NA,Natural,Female,2014-08-30,242,4,even
PS14_00792,PSTOCK14,792,1400000828,33,2014,2014-08-30,F,450,YES,AFK12B,Hatchery,Female,2014-08-30,242,0,NA
PS14_00793,PSTOCK14,793,1400000828,34,2014,2014-08-30,F,415,NO,NA,Natural,Female,2014-08-30,242,1,even
PS14_00796,PSTOCK14,796,1400000828,37,2014,2014-08-30,F,430,NO,NA,Natural,Female,2014-08-30,242,1,even
PS14_00797,PSTOCK14,797,1400000828,38,2014,2014-08-30,M,375,NO,NA,Natural,Male,2014-08-30,242,1,even
PS14_00798,PSTOCK14,798,1400000828,39,2014,2014-08-30,M,470,NO,NA,Natural,Male,2014-08-30,242,3,even
PS14_00799,PSTOCK14,799,1400000828,40,2014,2014-08-30,F,435,YES,AFK12B,Hatchery,Female,2014-08-30,242,4,even
PS14_00801,PSTOCK14,801,1400000828,42,2014,2014-08-30,M,435,YES,AFK12B,Hatchery,Male,2014-08-30,242,0,NA
PS14_00805,PSTOCK14,805,1400000828,46,2014,2014-08-30,F,455,NO,NA,Natural,Female,2014-08-30,242,5,even
PS14_00806,PSTOCK14,806,1400000828,47,2014,2014-08-30,F,420,NO,NA,Natural,Female,2014-08-30,242,5,even
PS14_00808,PSTOCK14,808,1400000846,1,2014,2014-09-02,F,445,YES,AFK12B,Hatchery,Female,2014-09-02,245,0,NA
PS14_00809,PSTOCK14,809,1400000846,2,2014,2014-09-02,F,415,NO,NA,Natural,Female,2014-09-02,245,0,NA
PS14_00810,PSTOCK14,810,1400000846,3,2014,2014-09-02,M,365,NO,NA,Natural,Male,2014-09-02,245,0,NA
PS14_00811,PSTOCK14,811,1400000846,4,2014,2014-09-02,F,445,YES,AFK12B,Hatchery,Female,2014-09-02,245,0,NA
PS14_00812,PSTOCK14,812,1400000846,5,2014,2014-09-02,F,425,NO,NA,Natural,Female,2014-09-02,245,0,NA
PS14_00814,PSTOCK14,814,1400000846,7,2014,2014-09-02,F,410,YES,AFK12B,Hatchery,Female,2014-09-02,245,0,NA
PS14_00815,PSTOCK14,815,1400000846,8,2014,2014-09-02,F,415,NO,NA,Natural,Female,2014-09-02,245,0,NA
PS14_00816,PSTOCK14,816,1400000846,9,2014,2014-09-02,F,445,YES,AFK12B,Hatchery,Female,2014-09-02,245,0,NA
PS14_00817,PSTOCK14,817,1400000846,10,2014,2014-09-02,F,440,YES,AFK12B,Hatchery,Female,2014-09-02,245,0,NA
PS14_00819,PSTOCK14,819,1400000846,12,2014,2014-09-02,F,440,YES,AFK12B,Hatchery,Female,2014-09-02,245,1,even
PS14_00820,PSTOCK14,820,1400000846,13,2014,2014-09-02,F,420,YES,AFK12B,Hatchery,Female,2014-09-02,245,0,NA
PS14_00822,PSTOCK14,822,1400000846,15,2014,2014-09-02,M,485,YES,AFK12B,Hatchery,Male,2014-09-02,245,0,NA
PS14_00825,PSTOCK14,825,1400000846,18,2014,2014-09-02,F,485,YES,AFK12B,Hatchery,Female,2014-09-02,245,1,even
PS14_00829,PSTOCK14,829,1400000846,22,2014,2014-09-02,F,430,NO,NA,Natural,Female,2014-09-02,245,2,even
PS14_00836,PSTOCK14,836,1400000846,29,2014,2014-09-02,F,430,NO,NA,Natural,Female,2014-09-02,245,0,NA
PS14_00837,PSTOCK14,837,1400000846,30,2014,2014-09-02,M,455,YES,AFK12B,Hatchery,Male,2014-09-02,245,0,NA
PS14_00838,PSTOCK14,838,1400000846,31,2014,2014-09-02,F,435,YES,AFK12B,Hatchery,Female,2014-09-02,245,1,even
PS14_00840,PSTOCK14,840,1400000846,33,2014,2014-09-02,F,415,NO,NA,Natural,Female,2014-09-02,245,0,NA
PS14_00842,PSTOCK14,842,1400000846,35,2014,2014-09-02,M,430,YES,AFK12B,Hatchery,Male,2014-09-02,245,0,NA
PS14_00845,PSTOCK14,845,1400000846,38,2014,2014-09-02,M,420,YES,AFK12B,Hatchery,Male,2014-09-02,245,0,NA
PS14_00849,PSTOCK14,849,1400000846,42,2014,2014-09-02,M,430,YES,AFK12B,Hatchery,Male,2014-09-02,245,0,NA
PS14_00850,PSTOCK14,850,1400000846,43,2014,2014-09-02,F,450,YES,AFK12B,Hatchery,Female,2014-09-02,245,0,NA
PS14_00851,PSTOCK14,851,1400000846,44,2014,2014-09-02,F,405,NO,NA,Natural,Female,2014-09-02,245,0,NA
PS14_00852,PSTOCK14,852,1400000846,45,2014,2014-09-02,F,385,NO,NA,Natural,Female,2014-09-02,245,2,even
PS14_00853,PSTOCK14,853,1400000846,46,2014,2014-09-02,F,435,NO,NA,Natural,Female,2014-09-02,245,0,NA
PS14_00870,PSTOCK14,870,1400000996,15,2014,2014-09-09,M,NA,YES,AFK12B,Hatchery,Male,2014-09-09,252,1,even
PS14_00878,PSTOCK14,878,1400000996,23,2014,2014-09-09,F,375,NO,NA,Natural,Female,2014-09-09,252,0,NA
PS14_00901,PSTOCK14,901,1400000996,46,2014,2014-09-09,F,NA,NO,NA,Natural,Female,2014-09-09,252,1,even
PS14_00910,PSTOCK14,910,1400000999,7,2014,2014-09-09,M,NA,YES,AFK12B,Hatchery,Male,2014-09-09,252,0,NA
PS14_00920,PSTOCK14,920,1400000999,17,2014,2014-09-09,F,NA,YES,AFK12B,Hatchery,Female,2014-09-09,252,0,NA
PS14_00944,PSTOCK14,944,1400000872,2,2014,2014-09-05,F,400,NO,NA,Natural,Female,2014-09-05,248,7,even
PS14_00946,PSTOCK14,946,1400000872,4,2014,2014-09-05,F,430,NO,NA,Natural,Female,2014-09-05,248,3,even
PS14_00948,PSTOCK14,948,1400000872,6,2014,2014-09-05,M,445,YES,AFK12B,Hatchery,Male,2014-09-05,248,3,even
PS14_00949,PSTOCK14,949,1400000872,7,2014,2014-09-05,F,425,NO,NA,Natural,Female,2014-09-05,248,0,NA
PS14_00951,PSTOCK14,951,1400000872,9,2014,2014-09-05,M,455,NO,NA,Natural,Male,2014-09-05,248,6,even
PS14_00953,PSTOCK14,953,1400000872,11,2014,2014-09-05,F,410,NO,NA,Natural,Female,2014-09-05,248,4,even
PS14_00954,PSTOCK14,954,1400000872,12,2014,2014-09-05,F,410,NO,NA,Natural,Female,2014-09-05,248,0,NA
PS14_00955,PSTOCK14,955,1400000872,13,2014,2014-09-05,F,445,YES,AFK12B,Hatchery,Female,2014-09-05,248,2,even
PS14_00960,PSTOCK14,960,1400000872,18,2014,2014-09-05,M,425,NO,NA,Natural,Male,2014-09-05,248,9,even
PS14_00961,PSTOCK14,961,1400000872,19,2014,2014-09-05,F,420,NO,NA,Natural,Female,2014-09-05,248,1,even
PS14_00965,PSTOCK14,965,1400000872,23,2014,2014-09-05,F,435,NO,NA,Natural,Female,2014-09-05,248,5,even
PS14_00967,PSTOCK14,967,1400000872,25,2014,2014-09-05,M,440,YES,AFK12B,Hatchery,Male,2014-09-05,248,1,even
PS14_00971,PSTOCK14,971,1400000872,29,2014,2014-09-05,F,425,NO,NA,Natural,Female,2014-09-05,248,1,even
PS14_00973,PSTOCK14,973,1400000872,31,2014,2014-09-05,M,450,YES,AFK12B,Hatchery,Male,2014-09-05,248,0,NA
PS14_00975,PSTOCK14,975,1400000872,33,2014,2014-09-05,F,NA,YES,AFK12B,Hatchery,Female,2014-09-05,248,0,NA
PS14_00978,PSTOCK14,978,1400000872,36,2014,2014-09-05,M,385,YES,AFK12B,Hatchery,Male,2014-09-05,248,5,even
PS14_00980,PSTOCK14,980,1400000872,38,2014,2014-09-05,F,430,YES,AFK12B,Hatchery,Female,2014-09-05,248,2,even
PS14_00981,PSTOCK14,981,1400000872,39,2014,2014-09-05,F,450,YES,AFK12B,Hatchery,Female,2014-09-05,248,0,NA
PS14_00983,PSTOCK14,983,1400000872,41,2014,2014-09-05,F,400,NO,NA,Natural,Female,2014-09-05,248,1,even
PS14_00989,PSTOCK14,989,1400000872,47,2014,2014-09-05,F,NA,NO,NA,Natural,Female,2014-09-05,248,6,even
PS14_00991,PSTOCK14,991,1400000873,1,2014,2014-09-05,M,485,NO,NA,Natural,Male,2014-09-05,248,9,even
PS14_00993,PSTOCK14,993,1400000873,3,2014,2014-09-05,F,440,YES,AFK12B,Hatchery,Female,2014-09-05,248,0,NA
PS14_00996,PSTOCK14,996,1400000873,6,2014,2014-09-05,M,405,YES,AFK12B,Hatchery,Male,2014-09-05,248,0,NA
PS14_00998,PSTOCK14,998,1400000873,8,2014,2014-09-05,M,420,YES,AFK12B,Hatchery,Male,2014-09-05,248,0,NA
PS14_01001,PSTOCK14,1001,1400000873,11,2014,2014-09-05,F,410,NO,NA,Natural,Female,2014-09-05,248,1,even
PS14_01003,PSTOCK14,1003,1400000873,13,2014,2014-09-05,F,440,YES,AFK12B,Hatchery,Female,2014-09-05,248,0,NA
PS14_01005,PSTOCK14,1005,1400000873,15,2014,2014-09-05,M,450,YES,AFK12B,Hatchery,Male,2014-09-05,248,1,even
PS14_01009,PSTOCK14,1009,1400000873,19,2014,2014-09-05,M,NA,YES,AFK12B,Hatchery,Male,2014-09-05,248,0,NA
PS14_01010,PSTOCK14,1010,1400000873,20,2014,2014-09-05,F,455,NO,NA,Natural,Female,2014-09-05,248,12,even
PS14_01012,PSTOCK14,1012,1400000873,22,2014,2014-09-05,M,450,YES,AFK12B,Hatchery,Male,2014-09-05,248,1,even
PS14_01017,PSTOCK14,1017,1400000873,27,2014,2014-09-05,F,460,YES,AFK12B,Hatchery,Female,2014-09-05,248,0,NA
PS14_01018,PSTOCK14,1018,1400000873,28,2014,2014-09-05,F,NA,NO,NA,Natural,Female,2014-09-05,248,2,even
PS14_01022,PSTOCK14,1022,1400000873,32,2014,2014-09-05,F,455,YES,AFK12B,Hatchery,Female,2014-09-05,248,0,NA
PS14_01025,PSTOCK14,1025,1400000873,35,2014,2014-09-05,F,425,YES,AFK12B,Hatchery,Female,2014-09-05,248,0,NA
PS14_01026,PSTOCK14,1026,1400000873,36,2014,2014-09-05,F,435,YES,AFK12B,Hatchery,Female,2014-09-05,248,1,even
PS14_01027,PSTOCK14,1027,1400000873,37,2014,2014-09-05,F,NA,YES,AFK12B,Hatchery,Female,2014-09-05,248,0,NA
PS14_01030,PSTOCK14,1030,1400000873,40,2014,2014-09-05,F,385,NO,NA,Natural,Female,2014-09-05,248,3,even
PS14_01032,PSTOCK14,1032,1400000873,42,2014,2014-09-05,M,445,YES,AFK12B,Hatchery,Male,2014-09-05,248,6,even
PS14_01033,PSTOCK14,1033,1400000873,43,2014,2014-09-05,F,455,YES,CCH12,Hatchery,Female,2014-09-05,248,5,even
PS14_01034,PSTOCK14,1034,1400000873,44,2014,2014-09-05,F,425,NO,NA,Natural,Female,2014-09-05,248,5,even
PS14_01035,PSTOCK14,1035,1400000873,45,2014,2014-09-05,M,NA,YES,AFK12B,Hatchery,Male,2014-09-05,248,1,even
PS14_01036,PSTOCK14,1036,1400000873,46,2014,2014-09-05,M,NA,YES,AFK12B,Hatchery,Male,2014-09-05,248,8,even
PS14_01038,PSTOCK14,1038,1400002654,1,2014,2014-08-24,F,424,YES,AFK12B,Hatchery,Female,2014-08-24,236,0,NA
PS14_01039,PSTOCK14,1039,1400002654,2,2014,2014-08-24,M,383,NO,NA,Natural,Male,2014-08-24,236,0,NA
PS14_01040,PSTOCK14,1040,1400002654,3,2014,2014-08-24,M,411,NO,NA,Natural,Male,2014-08-24,236,0,NA
PS14_01042,PSTOCK14,1042,1400002654,5,2014,2014-08-24,F,403,NO,NA,Natural,Female,2014-08-24,236,0,NA
PS14_01043,PSTOCK14,1043,1400002654,6,2014,2014-08-24,F,403,YES,AFK12B,Hatchery,Female,2014-08-24,236,0,NA
PS14_01045,PSTOCK14,1045,1400002654,8,2014,2014-08-24,F,425,YES,AFK12B,Hatchery,Female,2014-08-24,236,0,NA
PS14_01047,PSTOCK14,1047,1400002654,10,2014,2014-08-24,M,417,NO,NA,Natural,Male,2014-08-24,236,10,even
PS14_01048,PSTOCK14,1048,1400002654,11,2014,2014-08-24,M,375,NO,NA,Natural,Male,2014-08-24,236,0,NA
PS14_01050,PSTOCK14,1050,1400002654,13,2014,2014-08-24,M,433,NO,NA,Natural,Male,2014-08-24,236,3,even
PS14_01052,PSTOCK14,1052,1400002654,15,2014,2014-08-24,F,411,YES,AFK12B,Hatchery,Female,2014-08-24,236,0,NA
PS14_01053,PSTOCK14,1053,1400002654,16,2014,2014-08-24,M,417,NO,NA,Natural,Male,2014-08-24,236,0,NA
PS14_01054,PSTOCK14,1054,1400002654,17,2014,2014-08-24,M,363,NO,NA,Natural,Male,2014-08-24,236,0,NA
PS14_01055,PSTOCK14,1055,1400002654,18,2014,2014-08-24,F,368,NO,NA,Natural,Female,2014-08-24,236,0,NA
PS14_01056,PSTOCK14,1056,1400002654,19,2014,2014-08-24,M,406,NO,NA,Natural,Male,2014-08-24,236,4,even
PS14_01057,PSTOCK14,1057,1400002654,20,2014,2014-08-24,M,431,NO,NA,Natural,Male,2014-08-24,236,7,even
PS14_01058,PSTOCK14,1058,1400002654,21,2014,2014-08-24,M,403,NO,NA,Natural,Male,2014-08-24,236,1,even
PS14_01062,PSTOCK14,1062,1400002654,25,2014,2014-08-24,M,405,YES,AFK12B,Hatchery,Male,2014-08-24,236,0,NA
PS14_01063,PSTOCK14,1063,1400002654,26,2014,2014-08-24,F,244,NO,NA,Natural,Female,2014-08-24,236,5,even
PS14_01064,PSTOCK14,1064,1400002654,27,2014,2014-08-24,F,407,NO,NA,Natural,Female,2014-08-24,236,5,even
PS14_01065,PSTOCK14,1065,1400002654,28,2014,2014-08-24,F,403,NO,NA,Natural,Female,2014-08-24,236,2,even
PS14_01066,PSTOCK14,1066,1400002654,29,2014,2014-08-24,M,400,NO,NA,Natural,Male,2014-08-24,236,7,even
PS14_01068,PSTOCK14,1068,1400002654,31,2014,2014-08-24,M,411,NO,NA,Natural,Male,2014-08-24,236,5,even
PS14_01069,PSTOCK14,1069,1400002654,32,2014,2014-08-24,M,386,NO,NA,Natural,Male,2014-08-24,236,5,even
PS14_01070,PSTOCK14,1070,1400002654,33,2014,2014-08-24,M,372,NO,NA,Natural,Male,2014-08-24,236,2,even
PS14_01071,PSTOCK14,1071,1400002654,34,2014,2014-08-24,M,417,NO,NA,Natural,Male,2014-08-24,236,6,even
PS14_01072,PSTOCK14,1072,1400002654,35,2014,2014-08-24,M,384,NO,NA,Natural,Male,2014-08-24,236,2,even
PS14_01073,PSTOCK14,1073,1400002654,36,2014,2014-08-24,M,388,NO,NA,Natural,Male,2014-08-24,236,2,even
PS14_01074,PSTOCK14,1074,1400002654,37,2014,2014-08-24,M,NA,NO,NA,Natural,Male,2014-08-24,236,4,even
PS14_01075,PSTOCK14,1075,1400002654,38,2014,2014-08-24,M,390,YES,AFK12B,Hatchery,Male,2014-08-24,236,2,even
PS14_01076,PSTOCK14,1076,1400002654,39,2014,2014-08-24,M,347,NO,NA,Natural,Male,2014-08-24,236,5,even
PS14_01077,PSTOCK14,1077,1400002654,40,2014,2014-08-24,M,393,YES,AFK12B,Hatchery,Male,2014-08-24,236,0,NA
PS14_01078,PSTOCK14,1078,1400002654,41,2014,2014-08-24,M,408,NO,NA,Natural,Male,2014-08-24,236,0,NA
PS14_01079,PSTOCK14,1079,1400002654,42,2014,2014-08-24,M,426,NO,NA,Natural,Male,2014-08-24,236,7,even
PS14_01080,PSTOCK14,1080,1400002654,43,2014,2014-08-24,M,403,YES,AFK12B,Hatchery,Male,2014-08-24,236,3,even
PS14_01081,PSTOCK14,1081,1400002654,44,2014,2014-08-24,M,363,YES,AFK12B,Hatchery,Male,2014-08-24,236,1,even
PS14_01082,PSTOCK14,1082,1400002654,45,2014,2014-08-24,M,381,NO,NA,Natural,Male,2014-08-24,236,1,even
PS14_01083,PSTOCK14,1083,1400000732,1,2014,2014-08-26,F,450,YES,AFK12B,Hatchery,Female,2014-08-26,238,0,NA
PS14_01084,PSTOCK14,1084,1400000732,2,2014,2014-08-26,M,415,YES,AFK12B,Hatchery,Male,2014-08-26,238,0,NA
PS14_01087,PSTOCK14,1087,1400000732,5,2014,2014-08-26,M,410,NO,NA,Natural,Male,2014-08-26,238,2,even
PS14_01089,PSTOCK14,1089,1400000732,7,2014,2014-08-26,M,390,NO,NA,Natural,Male,2014-08-26,238,0,NA
PS14_01090,PSTOCK14,1090,1400000732,8,2014,2014-08-26,M,440,NO,NA,Natural,Male,2014-08-26,238,0,NA
PS14_01093,PSTOCK14,1093,1400000732,11,2014,2014-08-26,F,425,NO,NA,Natural,Female,2014-08-26,238,0,NA
PS14_01094,PSTOCK14,1094,1400000732,12,2014,2014-08-26,M,405,YES,AFK12B,Hatchery,Male,2014-08-26,238,0,NA
PS14_01095,PSTOCK14,1095,1400000732,13,2014,2014-08-26,F,450,YES,AFK12B,Hatchery,Female,2014-08-26,238,1,even
PS14_01096,PSTOCK14,1096,1400000732,14,2014,2014-08-26,M,425,YES,AFK12B,Hatchery,Male,2014-08-26,238,0,NA
PS14_01099,PSTOCK14,1099,1400000732,17,2014,2014-08-26,F,470,YES,AFK12B,Hatchery,Female,2014-08-26,238,0,NA
PS14_01100,PSTOCK14,1100,1400000732,18,2014,2014-08-26,M,460,YES,AFK12B,Hatchery,Male,2014-08-26,238,0,NA
PS14_01104,PSTOCK14,1104,1400000732,22,2014,2014-08-26,M,425,YES,AFK12B,Hatchery,Male,2014-08-26,238,0,NA
PS14_01105,PSTOCK14,1105,1400000732,23,2014,2014-08-26,M,440,YES,AFK12B,Hatchery,Male,2014-08-26,238,1,even
PS14_01107,PSTOCK14,1107,1400000732,25,2014,2014-08-26,M,395,YES,AFK12B,Hatchery,Male,2014-08-26,238,0,NA
PS14_01108,PSTOCK14,1108,1400000732,26,2014,2014-08-26,M,390,NO,NA,Natural,Male,2014-08-26,238,0,NA
PS14_01112,PSTOCK14,1112,1400000732,30,2014,2014-08-26,M,355,YES,AFK12B,Hatchery,Male,2014-08-26,238,0,NA
PS14_01113,PSTOCK14,1113,1400000732,31,2014,2014-08-26,M,415,YES,AFK12B,Hatchery,Male,2014-08-26,238,1,even
PS14_01118,PSTOCK14,1118,1400000732,36,2014,2014-08-26,M,395,YES,AFK12B,Hatchery,Male,2014-08-26,238,0,NA
PS14_01119,PSTOCK14,1119,1400000732,37,2014,2014-08-26,M,430,YES,AFK12B,Hatchery,Male,2014-08-26,238,0,NA
PS14_01120,PSTOCK14,1120,1400000732,38,2014,2014-08-26,M,410,YES,AFK12B,Hatchery,Male,2014-08-26,238,0,NA
PS14_01122,PSTOCK14,1122,1400000732,40,2014,2014-08-26,M,460,YES,AFK12B,Hatchery,Male,2014-08-26,238,0,NA
PS14_01123,PSTOCK14,1123,1400000732,41,2014,2014-08-26,M,440,YES,AFK12B,Hatchery,Male,2014-08-26,238,0,NA
PS14_01124,PSTOCK14,1124,1400000732,42,2014,2014-08-26,F,420,YES,AFK12B,Hatchery,Female,2014-08-26,238,0,NA
PS14_01125,PSTOCK14,1125,1400000732,43,2014,2014-08-26,M,470,YES,AFK12B,Hatchery,Male,2014-08-26,238,1,even
PS14_01126,PSTOCK14,1126,1400000732,44,2014,2014-08-26,M,435,YES,AFK12B,Hatchery,Male,2014-08-26,238,0,NA
PS14_01128,PSTOCK14,1128,1400000732,46,2014,2014-08-26,M,485,YES,AFK12B,Hatchery,Male,2014-08-26,238,0,NA
PS14_01130,PSTOCK14,1130,1400000732,48,2014,2014-08-26,M,430,NO,NA,Natural,Male,2014-08-26,238,0,NA
PS14_01132,PSTOCK14,1132,1400000733,2,2014,2014-08-26,M,460,NO,NA,Natural,Male,2014-08-26,238,0,NA
PS14_01135,PSTOCK14,1135,1400000733,5,2014,2014-08-26,F,445,YES,AFK12B,Hatchery,Female,2014-08-26,238,0,NA
PS14_01136,PSTOCK14,1136,1400000733,6,2014,2014-08-26,M,395,YES,AFK12B,Hatchery,Male,2014-08-26,238,0,NA
PS14_01139,PSTOCK14,1139,1400000733,9,2014,2014-08-26,M,385,YES,AFK12B,Hatchery,Male,2014-08-26,238,0,NA
PS14_01140,PSTOCK14,1140,1400000733,10,2014,2014-08-26,M,430,NO,NA,Natural,Male,2014-08-26,238,1,even
PS14_01142,PSTOCK14,1142,1400000733,12,2014,2014-08-26,M,420,YES,AFK12B,Hatchery,Male,2014-08-26,238,0,NA
PS14_01143,PSTOCK14,1143,1400000733,13,2014,2014-08-26,M,385,YES,AFK12B,Hatchery,Male,2014-08-26,238,0,NA
PS14_01145,PSTOCK14,1145,1400000733,15,2014,2014-08-26,M,405,YES,AFK12B,Hatchery,Male,2014-08-26,238,0,NA
PS14_01146,PSTOCK14,1146,1400000733,16,2014,2014-08-26,M,425,YES,AFK12B,Hatchery,Male,2014-08-26,238,0,NA
PS14_01147,PSTOCK14,1147,1400000733,17,2014,2014-08-26,M,400,NO,NA,Natural,Male,2014-08-26,238,0,NA
PS14_01148,PSTOCK14,1148,1400000733,18,2014,2014-08-26,M,425,NO,NA,Natural,Male,2014-08-26,238,1,even
PS14_01149,PSTOCK14,1149,1400000733,19,2014,2014-08-26,M,410,YES,AFK12B,Hatchery,Male,2014-08-26,238,1,even
PS14_01150,PSTOCK14,1150,1400000733,20,2014,2014-08-26,M,480,NO,NA,Natural,Male,2014-08-26,238,3,even
PS14_01151,PSTOCK14,1151,1400000733,21,2014,2014-08-26,M,410,NO,NA,Natural,Male,2014-08-26,238,0,NA
PS14_01152,PSTOCK14,1152,1400000733,22,2014,2014-08-26,F,400,NO,NA,Natural,Female,2014-08-26,238,0,NA
PS14_01153,PSTOCK14,1153,1400000733,23,2014,2014-08-26,M,425,NO,NA,Natural,Male,2014-08-26,238,2,even
PS14_01155,PSTOCK14,1155,1400000733,25,2014,2014-08-26,M,440,NO,NA,Natural,Male,2014-08-26,238,2,even
PS14_01156,PSTOCK14,1156,1400000733,26,2014,2014-08-26,M,430,YES,AFK12B,Hatchery,Male,2014-08-26,238,1,even
PS14_01157,PSTOCK14,1157,1400000733,27,2014,2014-08-26,M,400,YES,CCH12,Hatchery,Male,2014-08-26,238,0,NA
PS14_01158,PSTOCK14,1158,1400000733,28,2014,2014-08-26,M,415,YES,AFK12B,Hatchery,Male,2014-08-26,238,3,even
PS14_01160,PSTOCK14,1160,1400000733,30,2014,2014-08-26,M,405,YES,AFK12B,Hatchery,Male,2014-08-26,238,2,even
PS14_01162,PSTOCK14,1162,1400000733,32,2014,2014-08-26,F,415,NO,NA,Natural,Female,2014-08-26,238,2,even
PS14_01163,PSTOCK14,1163,1400000733,33,2014,2014-08-26,F,375,NO,NA,Natural,Female,2014-08-26,238,8,even
PS14_01165,PSTOCK14,1165,1400000733,35,2014,2014-08-26,M,395,YES,AFK12B,Hatchery,Male,2014-08-26,238,0,NA
PS14_01168,PSTOCK14,1168,1400000733,38,2014,2014-08-26,M,430,NO,NA,Natural,Male,2014-08-26,238,13,even
PS14_01170,PSTOCK14,1170,1400000733,40,2014,2014-08-26,M,430,YES,AFK12B,Hatchery,Male,2014-08-26,238,2,even
PS14_01171,PSTOCK14,1171,1400000733,41,2014,2014-08-26,M,460,NO,NA,Natural,Male,2014-08-26,238,7,even
PS14_01173,PSTOCK14,1173,1400000733,43,2014,2014-08-26,F,395,YES,AFK12B,Hatchery,Female,2014-08-26,238,1,even
PS14_01174,PSTOCK14,1174,1400000733,44,2014,2014-08-26,M,385,NO,NA,Natural,Male,2014-08-26,238,0,NA
PS14_01175,PSTOCK14,1175,1400000733,45,2014,2014-08-26,M,420,YES,AFK12B,Hatchery,Male,2014-08-26,238,3,even
PS14_01176,PSTOCK14,1176,1400000733,46,2014,2014-08-26,M,455,NO,NA,Natural,Male,2014-08-26,238,13,even
PS14_01178,PSTOCK14,1178,1400000733,48,2014,2014-08-26,M,440,YES,AFK12B,Hatchery,Male,2014-08-26,238,0,NA
PS14_01180,PSTOCK14,1180,1400000867,2,2014,2014-09-05,F,NA,YES,AFK12B,Hatchery,Female,2014-09-05,248,1,even
PS14_01181,PSTOCK14,1181,1400000867,3,2014,2014-09-05,M,435,NO,NA,Natural,Male,2014-09-05,248,0,NA
PS14_01183,PSTOCK14,1183,1400000867,5,2014,2014-09-05,F,465,YES,AFK12B,Hatchery,Female,2014-09-05,248,3,even
PS14_01184,PSTOCK14,1184,1400000867,6,2014,2014-09-05,F,440,YES,AFK12B,Hatchery,Female,2014-09-05,248,0,NA
PS14_01185,PSTOCK14,1185,1400000867,7,2014,2014-09-05,F,425,YES,AFK12B,Hatchery,Female,2014-09-05,248,0,NA
PS14_01186,PSTOCK14,1186,1400000867,8,2014,2014-09-05,F,445,YES,AFK12B,Hatchery,Female,2014-09-05,248,1,even
PS14_01188,PSTOCK14,1188,1400000867,10,2014,2014-09-05,F,NA,NO,NA,Natural,Female,2014-09-05,248,1,even
PS14_01192,PSTOCK14,1192,1400000867,14,2014,2014-09-05,F,430,NO,NA,Natural,Female,2014-09-05,248,0,NA
PS14_01193,PSTOCK14,1193,1400000867,15,2014,2014-09-05,F,440,NO,NA,Natural,Female,2014-09-05,248,1,even
PS14_01195,PSTOCK14,1195,1400000867,17,2014,2014-09-05,F,420,YES,AFK12B,Hatchery,Female,2014-09-05,248,0,NA
PS14_01196,PSTOCK14,1196,1400000867,18,2014,2014-09-05,F,460,NO,NA,Natural,Female,2014-09-05,248,0,NA
PS14_01200,PSTOCK14,1200,1400000867,22,2014,2014-09-05,M,440,YES,AFK12B,Hatchery,Male,2014-09-05,248,0,NA
PS14_01201,PSTOCK14,1201,1400000867,23,2014,2014-09-05,M,NA,YES,AFK12B,Hatchery,Male,2014-09-05,248,0,NA
PS14_01205,PSTOCK14,1205,1400000867,27,2014,2014-09-05,F,430,YES,AFK12B,Hatchery,Female,2014-09-05,248,0,NA
PS14_01207,PSTOCK14,1207,1400000867,29,2014,2014-09-05,F,415,YES,AFK12B,Hatchery,Female,2014-09-05,248,0,NA
PS14_01209,PSTOCK14,1209,1400000867,31,2014,2014-09-05,F,445,YES,AFK12B,Hatchery,Female,2014-09-05,248,0,NA
PS14_01211,PSTOCK14,1211,1400000867,33,2014,2014-09-05,F,445,YES,AFK12B,Hatchery,Female,2014-09-05,248,0,NA
PS14_01213,PSTOCK14,1213,1400000867,35,2014,2014-09-05,F,455,YES,AFK12B,Hatchery,Female,2014-09-05,248,1,even
PS14_01214,PSTOCK14,1214,1400000867,36,2014,2014-09-05,F,445,YES,AFK12B,Hatchery,Female,2014-09-05,248,0,NA
PS14_01217,PSTOCK14,1217,1400000867,39,2014,2014-09-05,F,NA,NO,NA,Natural,Female,2014-09-05,248,0,NA
PS14_01218,PSTOCK14,1218,1400000867,40,2014,2014-09-05,F,440,YES,AFK12B,Hatchery,Female,2014-09-05,248,0,NA
PS14_01220,PSTOCK14,1220,1400000867,42,2014,2014-09-05,F,440,YES,AFK12B,Hatchery,Female,2014-09-05,248,0,NA
PS14_01221,PSTOCK14,1221,1400000867,43,2014,2014-09-05,F,440,YES,AFK12B,Hatchery,Female,2014-09-05,248,0,NA
PS14_01222,PSTOCK14,1222,1400000867,44,2014,2014-09-05,F,410,YES,AFK12B,Hatchery,Female,2014-09-05,248,0,NA
PS14_01223,PSTOCK14,1223,1400000867,45,2014,2014-09-05,M,420,YES,AFK12B,Hatchery,Male,2014-09-05,248,0,NA
PS14_01224,PSTOCK14,1224,1400000867,46,2014,2014-09-05,M,435,NO,NA,Natural,Male,2014-09-05,248,1,even
PS14_01225,PSTOCK14,1225,1400000867,47,2014,2014-09-05,F,435,YES,AFK12B,Hatchery,Female,2014-09-05,248,0,NA
PS14_01227,PSTOCK14,1227,1400000825,1,2014,2014-08-30,F,425,NO,NA,Natural,Female,2014-08-30,242,1,even
PS14_01228,PSTOCK14,1228,1400000825,2,2014,2014-08-30,F,415,NO,NA,Natural,Female,2014-08-30,242,0,NA
PS14_01230,PSTOCK14,1230,1400000825,4,2014,2014-08-30,F,430,YES,AFK12B,Hatchery,Female,2014-08-30,242,0,NA
PS14_01233,PSTOCK14,1233,1400000825,7,2014,2014-08-30,M,445,NO,NA,Natural,Male,2014-08-30,242,5,even
PS14_01234,PSTOCK14,1234,1400000825,8,2014,2014-08-30,F,425,YES,AFK12B,Hatchery,Female,2014-08-30,242,1,even
PS14_01235,PSTOCK14,1235,1400000825,9,2014,2014-08-30,F,415,NO,NA,Natural,Female,2014-08-30,242,2,even
PS14_01237,PSTOCK14,1237,1400000825,11,2014,2014-08-30,M,390,NO,NA,Natural,Male,2014-08-30,242,1,even
PS14_01238,PSTOCK14,1238,1400000825,12,2014,2014-08-30,F,455,YES,AFK12B,Hatchery,Female,2014-08-30,242,0,NA
PS14_01240,PSTOCK14,1240,1400000825,14,2014,2014-08-30,F,400,NO,NA,Natural,Female,2014-08-30,242,1,even
PS14_01241,PSTOCK14,1241,1400000825,15,2014,2014-08-30,F,420,YES,AFK12B,Hatchery,Female,2014-08-30,242,0,NA
PS14_01244,PSTOCK14,1244,1400000825,18,2014,2014-08-30,F,440,YES,AFK12B,Hatchery,Female,2014-08-30,242,0,NA
PS14_01247,PSTOCK14,1247,1400000825,21,2014,2014-08-30,M,465,YES,AFK12B,Hatchery,Male,2014-08-30,242,7,even
PS14_01248,PSTOCK14,1248,1400000825,22,2014,2014-08-30,F,405,NO,NA,Natural,Female,2014-08-30,242,4,even
PS14_01249,PSTOCK14,1249,1400000825,23,2014,2014-08-30,M,450,NO,NA,Natural,Male,2014-08-30,242,2,even
PS14_01250,PSTOCK14,1250,1400000825,24,2014,2014-08-30,M,410,YES,AFK12B,Hatchery,Male,2014-08-30,242,0,NA
PS14_01252,PSTOCK14,1252,1400000825,26,2014,2014-08-30,F,440,NO,NA,Natural,Female,2014-08-30,242,4,even
PS14_01253,PSTOCK14,1253,1400000825,27,2014,2014-08-30,F,445,YES,AFK12B,Hatchery,Female,2014-08-30,242,4,even
PS14_01258,PSTOCK14,1258,1400000825,32,2014,2014-08-30,M,435,NO,NA,Natural,Male,2014-08-30,242,0,NA
PS14_01259,PSTOCK14,1259,1400000825,33,2014,2014-08-30,F,425,NO,NA,Natural,Female,2014-08-30,242,5,even
PS14_01260,PSTOCK14,1260,1400000825,34,2014,2014-08-30,F,430,NO,NA,Natural,Female,2014-08-30,242,1,even
PS14_01262,PSTOCK14,1262,1400000825,36,2014,2014-08-30,M,405,NO,NA,Natural,Male,2014-08-30,242,4,even
PS14_01263,PSTOCK14,1263,1400000825,37,2014,2014-08-30,F,435,YES,AFK12B,Hatchery,Female,2014-08-30,242,4,even
PS14_01264,PSTOCK14,1264,1400000825,38,2014,2014-08-30,F,440,NO,NA,Natural,Female,2014-08-30,242,2,even
PS14_01265,PSTOCK14,1265,1400000825,39,2014,2014-08-30,M,425,YES,AFK12B,Hatchery,Male,2014-08-30,242,3,even
PS14_01267,PSTOCK14,1267,1400000825,41,2014,2014-08-30,M,425,NO,NA,Natural,Male,2014-08-30,242,9,even
PS14_01269,PSTOCK14,1269,1400000825,43,2014,2014-08-30,F,415,YES,AFK12B,Hatchery,Female,2014-08-30,242,6,even
PS14_01270,PSTOCK14,1270,1400000825,44,2014,2014-08-30,F,435,NO,NA,Natural,Female,2014-08-30,242,2,even
PS14_01272,PSTOCK14,1272,1400000825,46,2014,2014-08-30,M,405,NO,NA,Natural,Male,2014-08-30,242,5,even
PS14_01273,PSTOCK14,1273,1400000825,47,2014,2014-08-30,M,450,NO,NA,Natural,Male,2014-08-30,242,1,even
PS14_01275,PSTOCK14,1275,1400000826,1,2014,2014-08-30,M,430,NO,NA,Natural,Male,2014-08-30,242,9,even
PS14_01277,PSTOCK14,1277,1400000826,3,2014,2014-08-30,F,440,NO,NA,Natural,Female,2014-08-30,242,2,even
PS14_01278,PSTOCK14,1278,1400000826,4,2014,2014-08-30,F,NA,NO,NA,Natural,Female,2014-08-30,242,1,even
PS14_01279,PSTOCK14,1279,1400000826,5,2014,2014-08-30,F,465,NO,NA,Natural,Female,2014-08-30,242,0,NA
PS14_01280,PSTOCK14,1280,1400000826,6,2014,2014-08-30,M,445,YES,AFK12B,Hatchery,Male,2014-08-30,242,0,NA
PS14_01281,PSTOCK14,1281,1400000826,7,2014,2014-08-30,M,415,YES,AFK12B,Hatchery,Male,2014-08-30,242,1,even
PS14_01283,PSTOCK14,1283,1400000826,9,2014,2014-08-30,F,425,YES,AFK12B,Hatchery,Female,2014-08-30,242,5,even
PS14_01284,PSTOCK14,1284,1400000826,10,2014,2014-08-30,F,430,YES,CCH12,Hatchery,Female,2014-08-30,242,2,even
PS14_01286,PSTOCK14,1286,1400000826,12,2014,2014-08-30,F,440,YES,AFK12B,Hatchery,Female,2014-08-30,242,2,even
PS14_01287,PSTOCK14,1287,1400000826,13,2014,2014-08-30,M,405,NO,NA,Natural,Male,2014-08-30,242,2,even
PS14_01290,PSTOCK14,1290,1400000826,16,2014,2014-08-30,M,445,NO,NA,Natural,Male,2014-08-30,242,0,NA
PS14_01291,PSTOCK14,1291,1400000826,17,2014,2014-08-30,F,445,NO,NA,Natural,Female,2014-08-30,242,3,even
PS14_01293,PSTOCK14,1293,1400000826,19,2014,2014-08-30,F,420,NO,NA,Natural,Female,2014-08-30,242,0,NA
PS14_01294,PSTOCK14,1294,1400000826,20,2014,2014-08-30,F,440,YES,AFK12B,Hatchery,Female,2014-08-30,242,8,even
PS14_01295,PSTOCK14,1295,1400000826,21,2014,2014-08-30,F,425,NO,NA,Natural,Female,2014-08-30,242,2,even
PS14_01298,PSTOCK14,1298,1400000826,24,2014,2014-08-30,F,415,NO,NA,Natural,Female,2014-08-30,242,1,even
PS14_01299,PSTOCK14,1299,1400000826,25,2014,2014-08-30,F,415,NO,NA,Natural,Female,2014-08-30,242,0,NA
PS14_01300,PSTOCK14,1300,1400000826,26,2014,2014-08-30,M,430,NO,NA,Natural,Male,2014-08-30,242,5,even
PS14_01301,PSTOCK14,1301,1400000826,27,2014,2014-08-30,F,455,YES,AFK12B,Hatchery,Female,2014-08-30,242,7,even
PS14_01302,PSTOCK14,1302,1400000826,28,2014,2014-08-30,F,400,NO,NA,Natural,Female,2014-08-30,242,2,even
PS14_01304,PSTOCK14,1304,1400000826,30,2014,2014-08-30,M,505,YES,AFK12B,Hatchery,Male,2014-08-30,242,1,even
PS14_01305,PSTOCK14,1305,1400000826,31,2014,2014-08-30,F,420,NO,NA,Natural,Female,2014-08-30,242,1,even
PS14_01306,PSTOCK14,1306,1400000826,32,2014,2014-08-30,F,455,NO,NA,Natural,Female,2014-08-30,242,0,NA
PS14_01309,PSTOCK14,1309,1400000826,35,2014,2014-08-30,M,425,NO,NA,Natural,Male,2014-08-30,242,3,even
PS14_01310,PSTOCK14,1310,1400000826,36,2014,2014-08-30,F,435,YES,CCH12,Hatchery,Female,2014-08-30,242,2,even
PS14_01311,PSTOCK14,1311,1400000826,37,2014,2014-08-30,M,405,YES,AFK12B,Hatchery,Male,2014-08-30,242,2,even
PS14_01312,PSTOCK14,1312,1400000826,38,2014,2014-08-30,F,NA,NO,NA,Natural,Female,2014-08-30,242,0,NA
PS14_01313,PSTOCK14,1313,1400000826,39,2014,2014-08-30,F,415,NO,NA,Natural,Female,2014-08-30,242,2,even
PS14_01314,PSTOCK14,1314,1400000826,40,2014,2014-08-30,M,440,YES,AFK12B,Hatchery,Male,2014-08-30,242,0,NA
PS14_01319,PSTOCK14,1319,1400000826,45,2014,2014-08-30,F,405,NO,NA,Natural,Female,2014-08-30,242,2,even
PS14_01320,PSTOCK14,1320,1400000826,46,2014,2014-08-30,F,425,NO,NA,Natural,Female,2014-08-30,242,4,even
PS14_01321,PSTOCK14,1321,1400000826,47,2014,2014-08-30,M,400,YES,AFK12B,Hatchery,Male,2014-08-30,242,2,even
PS14_01322,PSTOCK14,1322,1400000826,48,2014,2014-08-30,F,405,NO,NA,Natural,Female,2014-08-30,242,6,even
PS14_01323,PSTOCK14,1323,1400000718,1,2014,2014-08-19,M,470,NO,NA,Natural,Male,2014-08-19,231,19,even
PS14_01324,PSTOCK14,1324,1400000718,2,2014,2014-08-19,M,NA,NO,NA,Natural,Male,2014-08-19,231,6,even
PS14_01325,PSTOCK14,1325,1400000718,3,2014,2014-08-19,F,NA,NO,NA,Natural,Female,2014-08-19,231,6,even
PS14_01326,PSTOCK14,1326,1400000718,4,2014,2014-08-19,M,435,NO,NA,Natural,Male,2014-08-19,231,7,even
PS14_01327,PSTOCK14,1327,1400000718,5,2014,2014-08-19,M,460,NO,NA,Natural,Male,2014-08-19,231,7,even
PS14_01328,PSTOCK14,1328,1400000718,6,2014,2014-08-19,M,390,NO,NA,Natural,Male,2014-08-19,231,0,NA
PS14_01329,PSTOCK14,1329,1400000718,7,2014,2014-08-19,M,405,NO,NA,Natural,Male,2014-08-19,231,6,even
PS14_01330,PSTOCK14,1330,1400000718,8,2014,2014-08-19,F,445,NO,NA,Natural,Female,2014-08-19,231,7,even
PS14_01331,PSTOCK14,1331,1400000718,9,2014,2014-08-19,M,475,NO,NA,Natural,Male,2014-08-19,231,15,even
PS14_01332,PSTOCK14,1332,1400000718,10,2014,2014-08-19,M,460,NO,NA,Natural,Male,2014-08-19,231,16,even
PS14_01333,PSTOCK14,1333,1400000718,11,2014,2014-08-19,M,415,NO,NA,Natural,Male,2014-08-19,231,6,even
PS14_01334,PSTOCK14,1334,1400000718,12,2014,2014-08-19,F,420,NO,NA,Natural,Female,2014-08-19,231,2,even
PS14_01335,PSTOCK14,1335,1400000718,13,2014,2014-08-19,F,420,NO,NA,Natural,Female,2014-08-19,231,3,even
PS14_01336,PSTOCK14,1336,1400000718,14,2014,2014-08-19,M,400,NO,NA,Natural,Male,2014-08-19,231,6,even
PS14_01337,PSTOCK14,1337,1400000718,15,2014,2014-08-19,M,410,NO,NA,Natural,Male,2014-08-19,231,1,even
PS14_01339,PSTOCK14,1339,1400000718,17,2014,2014-08-19,M,435,NO,NA,Natural,Male,2014-08-19,231,10,even
PS14_01340,PSTOCK14,1340,1400000718,18,2014,2014-08-19,M,460,NO,NA,Natural,Male,2014-08-19,231,13,even
PS14_01341,PSTOCK14,1341,1400000718,19,2014,2014-08-19,M,NA,YES,AFK12B,Hatchery,Male,2014-08-19,231,0,NA
PS14_01342,PSTOCK14,1342,1400000718,20,2014,2014-08-19,M,395,NO,NA,Natural,Male,2014-08-19,231,2,even
PS14_01343,PSTOCK14,1343,1400000718,21,2014,2014-08-19,M,470,YES,AFK12B,Hatchery,Male,2014-08-19,231,0,NA
PS14_01345,PSTOCK14,1345,1400000718,23,2014,2014-08-19,M,475,NO,NA,Natural,Male,2014-08-19,231,0,NA
PS14_01346,PSTOCK14,1346,1400000718,24,2014,2014-08-19,M,440,NO,NA,Natural,Male,2014-08-19,231,0,NA
PS14_01356,PSTOCK14,1356,1400000995,10,2014,2014-09-09,F,415,NO,NA,Natural,Female,2014-09-09,252,3,even
PS14_01358,PSTOCK14,1358,1400000995,12,2014,2014-09-09,F,405,NO,NA,Natural,Female,2014-09-09,252,6,even
PS14_01363,PSTOCK14,1363,1400000995,17,2014,2014-09-09,F,415,NO,NA,Natural,Female,2014-09-09,252,6,even
PS14_01366,PSTOCK14,1366,1400000995,20,2014,2014-09-09,F,435,NO,NA,Natural,Female,2014-09-09,252,6,even
PS14_01396,PSTOCK14,1396,1400000736,2,2014,2014-08-27,F,420,NO,NA,Natural,Female,2014-08-27,239,5,even
PS14_01398,PSTOCK14,1398,1400000736,4,2014,2014-08-27,F,385,NO,NA,Natural,Female,2014-08-27,239,3,even
PS14_01399,PSTOCK14,1399,1400000736,5,2014,2014-08-27,M,410,YES,AFK12B,Hatchery,Male,2014-08-27,239,10,even
PS14_01400,PSTOCK14,1400,1400000736,6,2014,2014-08-27,F,420,NO,NA,Natural,Female,2014-08-27,239,4,even
PS14_01401,PSTOCK14,1401,1400000736,7,2014,2014-08-27,M,400,YES,AFK12B,Hatchery,Male,2014-08-27,239,0,NA
PS14_01403,PSTOCK14,1403,1400000736,9,2014,2014-08-27,M,410,YES,AFK12B,Hatchery,Male,2014-08-27,239,2,even
PS14_01404,PSTOCK14,1404,1400000736,10,2014,2014-08-27,F,420,NO,NA,Natural,Female,2014-08-27,239,0,NA
PS14_01406,PSTOCK14,1406,1400000736,12,2014,2014-08-27,M,405,YES,AFK12B,Hatchery,Male,2014-08-27,239,0,NA
PS14_01407,PSTOCK14,1407,1400000736,13,2014,2014-08-27,F,410,NO,NA,Natural,Female,2014-08-27,239,6,even
PS14_01409,PSTOCK14,1409,1400000736,15,2014,2014-08-27,M,380,NO,NA,Natural,Male,2014-08-27,239,1,even
PS14_01412,PSTOCK14,1412,1400000736,18,2014,2014-08-27,M,405,NO,NA,Natural,Male,2014-08-27,239,10,even
PS14_01416,PSTOCK14,1416,1400000736,22,2014,2014-08-27,M,385,NO,NA,Natural,Male,2014-08-27,239,1,even
PS14_01418,PSTOCK14,1418,1400000736,24,2014,2014-08-27,M,365,YES,AFK12B,Hatchery,Male,2014-08-27,239,1,even
PS14_01420,PSTOCK14,1420,1400000736,26,2014,2014-08-27,M,385,NO,NA,Natural,Male,2014-08-27,239,1,even
PS14_01423,PSTOCK14,1423,1400000736,29,2014,2014-08-27,M,435,NO,NA,Natural,Male,2014-08-27,239,10,even
PS14_01425,PSTOCK14,1425,1400000736,31,2014,2014-08-27,F,400,NO,NA,Natural,Female,2014-08-27,239,2,even
PS14_01426,PSTOCK14,1426,1400000736,32,2014,2014-08-27,F,400,NO,NA,Natural,Female,2014-08-27,239,1,even
PS14_01428,PSTOCK14,1428,1400000845,2,2014,2014-09-02,M,405,YES,AFK12B,Hatchery,Male,2014-09-02,245,0,NA
PS14_01430,PSTOCK14,1430,1400000845,4,2014,2014-09-02,M,NA,YES,AFK12B,Hatchery,Male,2014-09-02,245,0,NA
PS14_01431,PSTOCK14,1431,1400000845,5,2014,2014-09-02,F,NA,YES,AFK12B,Hatchery,Female,2014-09-02,245,0,NA
PS14_01434,PSTOCK14,1434,1400000845,8,2014,2014-09-02,F,NA,YES,AFK12B,Hatchery,Female,2014-09-02,245,0,NA
PS14_01435,PSTOCK14,1435,1400000845,9,2014,2014-09-02,F,425,NO,NA,Natural,Female,2014-09-02,245,1,even
PS14_01436,PSTOCK14,1436,1400000845,10,2014,2014-09-02,F,NA,YES,AFK12B,Hatchery,Female,2014-09-02,245,0,NA
PS14_01437,PSTOCK14,1437,1400000845,11,2014,2014-09-02,M,NA,YES,AFK12B,Hatchery,Male,2014-09-02,245,0,NA
PS14_01442,PSTOCK14,1442,1400000845,16,2014,2014-09-02,F,440,NO,NA,Natural,Female,2014-09-02,245,0,NA
PS14_01444,PSTOCK14,1444,1400000845,18,2014,2014-09-02,F,435,YES,AFK12B,Hatchery,Female,2014-09-02,245,1,even
PS14_01445,PSTOCK14,1445,1400000845,19,2014,2014-09-02,M,435,NO,NA,Natural,Male,2014-09-02,245,0,NA
PS14_01447,PSTOCK14,1447,1400000845,21,2014,2014-09-02,M,430,YES,AFK12B,Hatchery,Male,2014-09-02,245,3,even
PS14_01448,PSTOCK14,1448,1400000845,22,2014,2014-09-02,M,455,YES,AFK12B,Hatchery,Male,2014-09-02,245,0,NA
PS14_01449,PSTOCK14,1449,1400000845,23,2014,2014-09-02,F,400,YES,AFK12B,Hatchery,Female,2014-09-02,245,2,even
PS14_01451,PSTOCK14,1451,1400000845,25,2014,2014-09-02,M,470,YES,AFK12B,Hatchery,Male,2014-09-02,245,0,NA
PS14_01453,PSTOCK14,1453,1400000845,27,2014,2014-09-02,F,435,YES,AFK12B,Hatchery,Female,2014-09-02,245,0,NA
PS14_01455,PSTOCK14,1455,1400000845,29,2014,2014-09-02,F,405,NO,NA,Natural,Female,2014-09-02,245,0,NA
PS14_01457,PSTOCK14,1457,1400000845,31,2014,2014-09-02,M,460,YES,AFK12B,Hatchery,Male,2014-09-02,245,0,NA
PS14_01458,PSTOCK14,1458,1400000845,32,2014,2014-09-02,F,435,YES,AFK12B,Hatchery,Female,2014-09-02,245,1,even
PS14_01467,PSTOCK14,1467,1400000845,41,2014,2014-09-02,M,510,YES,AFK12B,Hatchery,Male,2014-09-02,245,3,even
PS14_01469,PSTOCK14,1469,1400000845,43,2014,2014-09-02,M,446,YES,AFK12B,Hatchery,Male,2014-09-02,245,0,NA
PS14_01470,PSTOCK14,1470,1400000845,44,2014,2014-09-02,F,460,YES,AFK12B,Hatchery,Female,2014-09-02,245,1,even
PS14_01472,PSTOCK14,1472,1400000845,46,2014,2014-09-02,F,430,YES,AFK12B,Hatchery,Female,2014-09-02,245,2,even
PS14_01474,PSTOCK14,1474,1400000845,48,2014,2014-09-02,M,435,YES,AFK12B,Hatchery,Male,2014-09-02,245,0,NA
PS14_01476,PSTOCK14,1476,1400000823,2,2014,2014-08-29,F,450,YES,AFK12B,Hatchery,Female,2014-08-29,241,0,NA
PS14_01479,PSTOCK14,1479,1400000823,5,2014,2014-08-29,F,425,YES,AFK12B,Hatchery,Female,2014-08-29,241,0,NA
PS14_01480,PSTOCK14,1480,1400000823,6,2014,2014-08-29,M,420,NO,NA,Natural,Male,2014-08-29,241,1,even
PS14_01485,PSTOCK14,1485,1400000823,11,2014,2014-08-29,M,405,YES,AFK12B,Hatchery,Male,2014-08-29,241,0,NA
PS14_01486,PSTOCK14,1486,1400000823,12,2014,2014-08-29,M,410,YES,AFK12B,Hatchery,Male,2014-08-29,241,0,NA
PS14_01487,PSTOCK14,1487,1400000823,13,2014,2014-08-29,F,435,YES,AFK12B,Hatchery,Female,2014-08-29,241,0,NA
PS14_01488,PSTOCK14,1488,1400000823,14,2014,2014-08-29,F,385,YES,AFK12B,Hatchery,Female,2014-08-29,241,0,NA
PS14_01489,PSTOCK14,1489,1400000823,15,2014,2014-08-29,M,400,NO,NA,Natural,Male,2014-08-29,241,0,NA
PS14_01491,PSTOCK14,1491,1400000823,17,2014,2014-08-29,M,445,YES,AFK12B,Hatchery,Male,2014-08-29,241,3,even
PS14_01492,PSTOCK14,1492,1400000823,18,2014,2014-08-29,M,435,NO,NA,Natural,Male,2014-08-29,241,0,NA
PS14_01494,PSTOCK14,1494,1400000823,20,2014,2014-08-29,M,440,YES,AFK12B,Hatchery,Male,2014-08-29,241,0,NA
PS14_01497,PSTOCK14,1497,1400000830,1,2014,2014-08-30,F,450,YES,AFK12B,Hatchery,Female,2014-08-30,242,0,NA
PS14_01498,PSTOCK14,1498,1400000830,2,2014,2014-08-30,F,450,YES,AFK12B,Hatchery,Female,2014-08-30,242,1,even
PS14_01500,PSTOCK14,1500,1400000830,4,2014,2014-08-30,F,420,YES,AFK12B,Hatchery,Female,2014-08-30,242,0,NA
PS14_01501,PSTOCK14,1501,1400000830,5,2014,2014-08-30,F,375,NO,NA,Natural,Female,2014-08-30,242,6,even
PS14_01503,PSTOCK14,1503,1400000830,7,2014,2014-08-30,F,405,NO,NA,Natural,Female,2014-08-30,242,0,NA
PS14_01505,PSTOCK14,1505,1400000827,2,2014,2014-08-30,M,465,YES,AFK12B,Hatchery,Male,2014-08-30,242,1,even
PS14_01508,PSTOCK14,1508,1400000827,5,2014,2014-08-30,F,410,NO,NA,Natural,Female,2014-08-30,242,1,even
PS14_01509,PSTOCK14,1509,1400000827,6,2014,2014-08-30,M,420,YES,CCH12,Hatchery,Male,2014-08-30,242,0,NA
PS14_01510,PSTOCK14,1510,1400000827,7,2014,2014-08-30,M,350,NO,NA,Natural,Male,2014-08-30,242,0,NA
PS14_01512,PSTOCK14,1512,1400000827,9,2014,2014-08-30,F,410,NO,NA,Natural,Female,2014-08-30,242,0,NA
PS14_01513,PSTOCK14,1513,1400000827,10,2014,2014-08-30,F,425,YES,AFK12B,Hatchery,Female,2014-08-30,242,3,even
PS14_01515,PSTOCK14,1515,1400000827,12,2014,2014-08-30,F,430,NO,NA,Natural,Female,2014-08-30,242,3,even
PS14_01516,PSTOCK14,1516,1400000827,13,2014,2014-08-30,F,405,NO,NA,Natural,Female,2014-08-30,242,6,even
PS14_01519,PSTOCK14,1519,1400000827,16,2014,2014-08-30,F,410,NO,NA,Natural,Female,2014-08-30,242,0,NA
PS14_01520,PSTOCK14,1520,1400000827,17,2014,2014-08-30,M,445,NO,NA,Natural,Male,2014-08-30,242,0,NA
PS14_01524,PSTOCK14,1524,1400000827,21,2014,2014-08-30,M,380,NO,NA,Natural,Male,2014-08-30,242,1,even
PS14_01525,PSTOCK14,1525,1400000827,22,2014,2014-08-30,F,415,YES,AFK12B,Hatchery,Female,2014-08-30,242,2,even
PS14_01526,PSTOCK14,1526,1400000827,23,2014,2014-08-30,F,440,YES,AFK12B,Hatchery,Female,2014-08-30,242,1,even
PS14_01527,PSTOCK14,1527,1400000827,24,2014,2014-08-30,F,435,YES,AFK12B,Hatchery,Female,2014-08-30,242,3,even
PS14_01528,PSTOCK14,1528,1400000827,25,2014,2014-08-30,M,455,YES,AFK12B,Hatchery,Male,2014-08-30,242,0,NA
PS14_01532,PSTOCK14,1532,1400000827,29,2014,2014-08-30,F,445,NO,NA,Natural,Female,2014-08-30,242,0,NA
PS14_01533,PSTOCK14,1533,1400000827,30,2014,2014-08-30,F,445,YES,AFK12B,Hatchery,Female,2014-08-30,242,2,even
PS14_01534,PSTOCK14,1534,1400000827,31,2014,2014-08-30,F,385,NO,NA,Natural,Female,2014-08-30,242,1,even
PS14_01535,PSTOCK14,1535,1400000827,32,2014,2014-08-30,F,405,NO,NA,Natural,Female,2014-08-30,242,3,even
PS14_01536,PSTOCK14,1536,1400000827,33,2014,2014-08-30,F,410,NO,NA,Natural,Female,2014-08-30,242,4,even
PS14_01537,PSTOCK14,1537,1400000827,34,2014,2014-08-30,F,425,YES,AFK12B,Hatchery,Female,2014-08-30,242,2,even
PS14_01538,PSTOCK14,1538,1400000827,35,2014,2014-08-30,F,425,NO,NA,Natural,Female,2014-08-30,242,4,even
PS14_01539,PSTOCK14,1539,1400000827,36,2014,2014-08-30,M,405,YES,AFK12B,Hatchery,Male,2014-08-30,242,0,NA
PS14_01540,PSTOCK14,1540,1400000827,37,2014,2014-08-30,F,445,YES,AFK12B,Hatchery,Female,2014-08-30,242,1,even
PS14_01541,PSTOCK14,1541,1400000827,38,2014,2014-08-30,F,475,NO,NA,Natural,Female,2014-08-30,242,4,even
PS14_01545,PSTOCK14,1545,1400000827,42,2014,2014-08-30,F,415,NO,NA,Natural,Female,2014-08-30,242,1,even
PS14_01547,PSTOCK14,1547,1400000827,44,2014,2014-08-30,M,430,NO,NA,Natural,Male,2014-08-30,242,0,NA
PS14_01548,PSTOCK14,1548,1400000827,45,2014,2014-08-30,F,440,YES,AFK12B,Hatchery,Female,2014-08-30,242,2,even
PS14_01549,PSTOCK14,1549,1400000827,46,2014,2014-08-30,M,450,YES,AFK12B,Hatchery,Male,2014-08-30,242,0,NA
PS14_01551,PSTOCK14,1551,1400000827,48,2014,2014-08-30,F,400,YES,AFK12B,Hatchery,Female,2014-08-30,242,0,NA
